{
    "MEGCoordinateSystem": "ElektaNeuromag",
    "MEGCoordinateUnits": "m",
    "MEGCoordinateSystemDescription": "RAS orientation and the origin between the ears",
    "HeadCoilCoordinates": {
        "NAS": [
            -7.450580596923828e-09,
            0.08660134673118591,
            3.725290298461914e-09
        ],
        "LPA": [
            -0.061664462089538574,
            2.9802322387695312e-08,
            3.725290298461914e-08
        ],
        "RPA": [
            0.0769427940249443,
            1.4901161193847656e-08,
            2.60770320892334e-08
        ],
        "coil1": [
            0.036852266639471054,
            0.07496421039104462,
            0.04329204931855202
        ],
        "coil2": [
            0.06955841183662415,
            -0.03142338991165161,
            -0.014532167464494705
        ],
        "coil3": [
            -0.05633145943284035,
            -0.042682111263275146,
            -0.01761104166507721
        ],
        "coil4": [
            -0.03585200384259224,
            0.06823334097862244,
            0.05627179890871048
        ]
    },
    "HeadCoilCoordinateSystem": "ElektaNeuromag",
    "HeadCoilCoordinateUnits": "m",
    "AnatomicalLandmarkCoordinates": {
        "NAS": [
            -7.450580596923828e-09,
            0.08660134673118591,
            3.725290298461914e-09
        ],
        "LPA": [
            -0.061664462089538574,
            2.9802322387695312e-08,
            3.725290298461914e-08
        ],
        "RPA": [
            0.0769427940249443,
            1.4901161193847656e-08,
            2.60770320892334e-08
        ],
        "coil1": [
            0.036852266639471054,
            0.07496421039104462,
            0.04329204931855202
        ],
        "coil2": [
            0.06955841183662415,
            -0.03142338991165161,
            -0.014532167464494705
        ],
        "coil3": [
            -0.05633145943284035,
            -0.042682111263275146,
            -0.01761104166507721
        ],
        "coil4": [
            -0.03585200384259224,
            0.06823334097862244,
            0.05627179890871048
        ]
    },
    "AnatomicalLandmarkCoordinateSystem": "ElektaNeuromag",
    "AnatomicalLandmarkCoordinateUnits": "m"
}
