{
    "MEGCoordinateSystem": "ElektaNeuromag",
    "MEGCoordinateUnits": "m",
    "MEGCoordinateSystemDescription": "RAS orientation and the origin between the ears",
    "HeadCoilCoordinates": {
        "NAS": [
            0.0,
            0.08879083395004272,
            -1.862645149230957e-09
        ],
        "LPA": [
            -0.06587745249271393,
            -2.9802322387695312e-08,
            -2.421438694000244e-08
        ],
        "RPA": [
            0.06808040291070938,
            -2.9802322387695312e-08,
            -1.30385160446167e-08
        ],
        "coil1": [
            0.06134960800409317,
            0.042293667793273926,
            0.09211758524179459
        ],
        "coil2": [
            0.0695004016160965,
            -0.0693172812461853,
            0.057786282151937485
        ],
        "coil3": [
            -0.08089787513017654,
            -0.026419222354888916,
            0.016191475093364716
        ],
        "coil4": [
            -0.06550198793411255,
            0.056619465351104736,
            0.03803185373544693
        ]
    },
    "HeadCoilCoordinateSystem": "ElektaNeuromag",
    "HeadCoilCoordinateUnits": "m",
    "AnatomicalLandmarkCoordinates": {
        "NAS": [
            0.0,
            0.08879083395004272,
            -1.862645149230957e-09
        ],
        "LPA": [
            -0.06587745249271393,
            -2.9802322387695312e-08,
            -2.421438694000244e-08
        ],
        "RPA": [
            0.06808040291070938,
            -2.9802322387695312e-08,
            -1.30385160446167e-08
        ],
        "coil1": [
            0.06134960800409317,
            0.042293667793273926,
            0.09211758524179459
        ],
        "coil2": [
            0.0695004016160965,
            -0.0693172812461853,
            0.057786282151937485
        ],
        "coil3": [
            -0.08089787513017654,
            -0.026419222354888916,
            0.016191475093364716
        ],
        "coil4": [
            -0.06550198793411255,
            0.056619465351104736,
            0.03803185373544693
        ]
    },
    "AnatomicalLandmarkCoordinateSystem": "ElektaNeuromag",
    "AnatomicalLandmarkCoordinateUnits": "m"
}
