{
    "MEGCoordinateSystem": "ElektaNeuromag",
    "MEGCoordinateUnits": "m",
    "MEGCoordinateSystemDescription": "RAS orientation and the origin between the ears",
    "HeadCoilCoordinates": {
        "NAS": [
            3.725290298461914e-09,
            0.087156742811203,
            -7.450580596923828e-09
        ],
        "LPA": [
            -0.062344856560230255,
            2.9802322387695312e-08,
            -1.4901161193847656e-08
        ],
        "RPA": [
            0.06489680707454681,
            0.0,
            -1.4901161193847656e-08
        ],
        "coil1": [
            -0.06802697479724884,
            -0.042511556297540665,
            -0.006899320054799318
        ],
        "coil2": [
            -0.02404165267944336,
            0.08482858538627625,
            0.03281504660844803
        ],
        "coil3": [
            0.03922300040721893,
            0.07778719067573547,
            0.061798181384801865
        ],
        "coil4": [
            0.05642817169427872,
            -0.05657690763473511,
            0.0006015300168655813
        ]
    },
    "HeadCoilCoordinateSystem": "ElektaNeuromag",
    "HeadCoilCoordinateUnits": "m",
    "AnatomicalLandmarkCoordinates": {
        "NAS": [
            3.725290298461914e-09,
            0.087156742811203,
            -7.450580596923828e-09
        ],
        "LPA": [
            -0.062344856560230255,
            2.9802322387695312e-08,
            -1.4901161193847656e-08
        ],
        "RPA": [
            0.06489680707454681,
            0.0,
            -1.4901161193847656e-08
        ],
        "coil1": [
            -0.06802697479724884,
            -0.042511556297540665,
            -0.006899320054799318
        ],
        "coil2": [
            -0.02404165267944336,
            0.08482858538627625,
            0.03281504660844803
        ],
        "coil3": [
            0.03922300040721893,
            0.07778719067573547,
            0.061798181384801865
        ],
        "coil4": [
            0.05642817169427872,
            -0.05657690763473511,
            0.0006015300168655813
        ]
    },
    "AnatomicalLandmarkCoordinateSystem": "ElektaNeuromag",
    "AnatomicalLandmarkCoordinateUnits": "m"
}
