{
    "MEGCoordinateSystem": "ElektaNeuromag",
    "MEGCoordinateUnits": "m",
    "MEGCoordinateSystemDescription": "RAS orientation and the origin between the ears",
    "HeadCoilCoordinates": {
        "NAS": [
            -6.51925802230835e-09,
            0.09515517950057983,
            0.0
        ],
        "LPA": [
            -0.06165303289890289,
            -2.9802322387695312e-08,
            -7.450580596923828e-09
        ],
        "RPA": [
            0.07146424800157547,
            -2.9802322387695312e-08,
            -7.450580596923828e-09
        ],
        "coil1": [
            0.07199355959892273,
            -0.03666678071022034,
            0.00017274900164920837
        ],
        "coil2": [
            0.04514477774500847,
            0.08791479468345642,
            0.06673581898212433
        ],
        "coil3": [
            -0.031424086540937424,
            0.09359031915664673,
            0.055710069835186005
        ],
        "coil4": [
            -0.060305558145046234,
            -0.03783056139945984,
            -0.004526637028902769
        ]
    },
    "HeadCoilCoordinateSystem": "ElektaNeuromag",
    "HeadCoilCoordinateUnits": "m",
    "AnatomicalLandmarkCoordinates": {
        "NAS": [
            -6.51925802230835e-09,
            0.09515517950057983,
            0.0
        ],
        "LPA": [
            -0.06165303289890289,
            -2.9802322387695312e-08,
            -7.450580596923828e-09
        ],
        "RPA": [
            0.07146424800157547,
            -2.9802322387695312e-08,
            -7.450580596923828e-09
        ],
        "coil1": [
            0.07199355959892273,
            -0.03666678071022034,
            0.00017274900164920837
        ],
        "coil2": [
            0.04514477774500847,
            0.08791479468345642,
            0.06673581898212433
        ],
        "coil3": [
            -0.031424086540937424,
            0.09359031915664673,
            0.055710069835186005
        ],
        "coil4": [
            -0.060305558145046234,
            -0.03783056139945984,
            -0.004526637028902769
        ]
    },
    "AnatomicalLandmarkCoordinateSystem": "ElektaNeuromag",
    "AnatomicalLandmarkCoordinateUnits": "m"
}
