{
    "MEGCoordinateSystem": "ElektaNeuromag",
    "MEGCoordinateUnits": "m",
    "MEGCoordinateSystemDescription": "RAS orientation and the origin between the ears",
    "HeadCoilCoordinates": {
        "NAS": [
            -7.450580596923828e-09,
            0.09443806111812592,
            -1.4901161193847656e-08
        ],
        "LPA": [
            -0.06371486186981201,
            1.4901161193847656e-08,
            -1.4901161193847656e-08
        ],
        "RPA": [
            0.07371059060096741,
            1.4901161193847656e-08,
            -7.450580596923828e-09
        ],
        "coil1": [
            0.05877476930618286,
            0.07837142050266266,
            0.1015261709690094
        ],
        "coil2": [
            0.08437436819076538,
            -0.0374978631734848,
            0.10402602702379227
        ],
        "coil3": [
            -0.08127839863300323,
            -0.03053218126296997,
            0.05503102391958237
        ],
        "coil4": [
            -0.0811476781964302,
            0.05570557713508606,
            0.051087886095047
        ]
    },
    "HeadCoilCoordinateSystem": "ElektaNeuromag",
    "HeadCoilCoordinateUnits": "m",
    "AnatomicalLandmarkCoordinates": {
        "NAS": [
            -7.450580596923828e-09,
            0.09443806111812592,
            -1.4901161193847656e-08
        ],
        "LPA": [
            -0.06371486186981201,
            1.4901161193847656e-08,
            -1.4901161193847656e-08
        ],
        "RPA": [
            0.07371059060096741,
            1.4901161193847656e-08,
            -7.450580596923828e-09
        ],
        "coil1": [
            0.05877476930618286,
            0.07837142050266266,
            0.1015261709690094
        ],
        "coil2": [
            0.08437436819076538,
            -0.0374978631734848,
            0.10402602702379227
        ],
        "coil3": [
            -0.08127839863300323,
            -0.03053218126296997,
            0.05503102391958237
        ],
        "coil4": [
            -0.0811476781964302,
            0.05570557713508606,
            0.051087886095047
        ]
    },
    "AnatomicalLandmarkCoordinateSystem": "ElektaNeuromag",
    "AnatomicalLandmarkCoordinateUnits": "m"
}
