{
    "MEGCoordinateSystem": "ElektaNeuromag",
    "MEGCoordinateUnits": "m",
    "MEGCoordinateSystemDescription": "RAS orientation and the origin between the ears",
    "HeadCoilCoordinates": {
        "NAS": [
            4.697112920837299e-09,
            0.09762687981128693,
            -7.867554607798866e-09
        ],
        "LPA": [
            -0.06667426228523254,
            3.2342853728550836e-08,
            -3.8506158261952805e-09
        ],
        "RPA": [
            0.07253455370664597,
            1.8188718087230882e-08,
            -5.64542723680006e-09
        ],
        "coil1": [
            0.06672751903533936,
            -0.03559258580207825,
            -0.017616968601942062
        ],
        "coil2": [
            0.028830096125602722,
            0.09113305807113647,
            0.06856085360050201
        ],
        "coil3": [
            -0.04415157809853554,
            0.08185198903083801,
            0.04802367836236954
        ],
        "coil4": [
            -0.05863121524453163,
            -0.029925018548965454,
            -0.021333560347557068
        ]
    },
    "HeadCoilCoordinateSystem": "ElektaNeuromag",
    "HeadCoilCoordinateUnits": "m",
    "AnatomicalLandmarkCoordinates": {
        "NAS": [
            4.697112920837299e-09,
            0.09762687981128693,
            -7.867554607798866e-09
        ],
        "LPA": [
            -0.06667426228523254,
            3.2342853728550836e-08,
            -3.8506158261952805e-09
        ],
        "RPA": [
            0.07253455370664597,
            1.8188718087230882e-08,
            -5.64542723680006e-09
        ],
        "coil1": [
            0.06672751903533936,
            -0.03559258580207825,
            -0.017616968601942062
        ],
        "coil2": [
            0.028830096125602722,
            0.09113305807113647,
            0.06856085360050201
        ],
        "coil3": [
            -0.04415157809853554,
            0.08185198903083801,
            0.04802367836236954
        ],
        "coil4": [
            -0.05863121524453163,
            -0.029925018548965454,
            -0.021333560347557068
        ]
    },
    "AnatomicalLandmarkCoordinateSystem": "ElektaNeuromag",
    "AnatomicalLandmarkCoordinateUnits": "m"
}
