{
    "MEGCoordinateSystem": "ElektaNeuromag",
    "MEGCoordinateUnits": "m",
    "MEGCoordinateSystemDescription": "RAS orientation and the origin between the ears",
    "HeadCoilCoordinates": {
        "NAS": [
            7.952271730005123e-09,
            0.08917619287967682,
            1.053697928909969e-08
        ],
        "LPA": [
            -0.06226339563727379,
            -1.7635228388712676e-08,
            1.4727035591022286e-08
        ],
        "RPA": [
            0.0664951503276825,
            -1.738986199484316e-08,
            1.0983256970575894e-08
        ],
        "coil1": [
            0.06793620437383652,
            0.073484867811203,
            0.08236190676689148
        ],
        "coil2": [
            0.08015882223844528,
            -0.03935961425304413,
            0.09507696330547333
        ],
        "coil3": [
            -0.07580875605344772,
            -0.018605709075927734,
            0.06557852774858475
        ],
        "coil4": [
            -0.07103770971298218,
            0.07028090953826904,
            0.045713409781455994
        ]
    },
    "HeadCoilCoordinateSystem": "ElektaNeuromag",
    "HeadCoilCoordinateUnits": "m",
    "AnatomicalLandmarkCoordinates": {
        "NAS": [
            7.952271730005123e-09,
            0.08917619287967682,
            1.053697928909969e-08
        ],
        "LPA": [
            -0.06226339563727379,
            -1.7635228388712676e-08,
            1.4727035591022286e-08
        ],
        "RPA": [
            0.0664951503276825,
            -1.738986199484316e-08,
            1.0983256970575894e-08
        ],
        "coil1": [
            0.06793620437383652,
            0.073484867811203,
            0.08236190676689148
        ],
        "coil2": [
            0.08015882223844528,
            -0.03935961425304413,
            0.09507696330547333
        ],
        "coil3": [
            -0.07580875605344772,
            -0.018605709075927734,
            0.06557852774858475
        ],
        "coil4": [
            -0.07103770971298218,
            0.07028090953826904,
            0.045713409781455994
        ]
    },
    "AnatomicalLandmarkCoordinateSystem": "ElektaNeuromag",
    "AnatomicalLandmarkCoordinateUnits": "m"
}
