{
    "MEGCoordinateSystem": "ElektaNeuromag",
    "MEGCoordinateUnits": "m",
    "MEGCoordinateSystemDescription": "RAS orientation and the origin between the ears",
    "HeadCoilCoordinates": {
        "NAS": [
            7.450580596923828e-09,
            0.09415262937545776,
            0.0
        ],
        "LPA": [
            -0.06008148938417435,
            0.0,
            -7.450580596923828e-09
        ],
        "RPA": [
            0.06621569395065308,
            -2.9802322387695312e-08,
            -7.450580596923828e-09
        ],
        "coil1": [
            -0.05472395569086075,
            -0.03738178312778473,
            0.01166563481092453
        ],
        "coil2": [
            -0.02717062272131443,
            0.09654313325881958,
            0.021462280303239822
        ],
        "coil3": [
            0.041251227259635925,
            0.09637463092803955,
            0.036302320659160614
        ],
        "coil4": [
            0.060687802731990814,
            -0.03928327560424805,
            0.008063014596700668
        ]
    },
    "HeadCoilCoordinateSystem": "ElektaNeuromag",
    "HeadCoilCoordinateUnits": "m",
    "AnatomicalLandmarkCoordinates": {
        "NAS": [
            7.450580596923828e-09,
            0.09415262937545776,
            0.0
        ],
        "LPA": [
            -0.06008148938417435,
            0.0,
            -7.450580596923828e-09
        ],
        "RPA": [
            0.06621569395065308,
            -2.9802322387695312e-08,
            -7.450580596923828e-09
        ],
        "coil1": [
            -0.05472395569086075,
            -0.03738178312778473,
            0.01166563481092453
        ],
        "coil2": [
            -0.02717062272131443,
            0.09654313325881958,
            0.021462280303239822
        ],
        "coil3": [
            0.041251227259635925,
            0.09637463092803955,
            0.036302320659160614
        ],
        "coil4": [
            0.060687802731990814,
            -0.03928327560424805,
            0.008063014596700668
        ]
    },
    "AnatomicalLandmarkCoordinateSystem": "ElektaNeuromag",
    "AnatomicalLandmarkCoordinateUnits": "m"
}
