{
    "MEGCoordinateSystem": "ElektaNeuromag",
    "MEGCoordinateUnits": "m",
    "MEGCoordinateSystemDescription": "RAS orientation and the origin between the ears",
    "HeadCoilCoordinates": {
        "NAS": [
            -7.1060028972169675e-09,
            0.09357532858848572,
            -8.794193817607265e-09
        ],
        "LPA": [
            -0.06188477948307991,
            2.2038349811737135e-08,
            2.034626689351171e-09
        ],
        "RPA": [
            0.07275606691837311,
            2.7435479665882667e-08,
            1.410258132494846e-09
        ],
        "coil1": [
            0.06923830509185791,
            -0.026926545426249504,
            0.0008327590185217559
        ],
        "coil2": [
            0.038212209939956665,
            0.07880374789237976,
            0.06892198324203491
        ],
        "coil3": [
            -0.02054213359951973,
            0.07516038417816162,
            0.07663058489561081
        ],
        "coil4": [
            -0.051277704536914825,
            -0.029981166124343872,
            -0.017601309344172478
        ]
    },
    "HeadCoilCoordinateSystem": "ElektaNeuromag",
    "HeadCoilCoordinateUnits": "m",
    "AnatomicalLandmarkCoordinates": {
        "NAS": [
            -7.1060028972169675e-09,
            0.09357532858848572,
            -8.794193817607265e-09
        ],
        "LPA": [
            -0.06188477948307991,
            2.2038349811737135e-08,
            2.034626689351171e-09
        ],
        "RPA": [
            0.07275606691837311,
            2.7435479665882667e-08,
            1.410258132494846e-09
        ],
        "coil1": [
            0.06923830509185791,
            -0.026926545426249504,
            0.0008327590185217559
        ],
        "coil2": [
            0.038212209939956665,
            0.07880374789237976,
            0.06892198324203491
        ],
        "coil3": [
            -0.02054213359951973,
            0.07516038417816162,
            0.07663058489561081
        ],
        "coil4": [
            -0.051277704536914825,
            -0.029981166124343872,
            -0.017601309344172478
        ]
    },
    "AnatomicalLandmarkCoordinateSystem": "ElektaNeuromag",
    "AnatomicalLandmarkCoordinateUnits": "m"
}
