{
    "MEGCoordinateSystem": "ElektaNeuromag",
    "MEGCoordinateUnits": "m",
    "MEGCoordinateSystemDescription": "RAS orientation and the origin between the ears",
    "HeadCoilCoordinates": {
        "NAS": [
            -7.450580596923828e-09,
            0.09448063373565674,
            -7.450580596923828e-09
        ],
        "LPA": [
            -0.06375328451395035,
            0.0,
            1.1175870895385742e-08
        ],
        "RPA": [
            0.06698454171419144,
            0.0,
            9.313225746154785e-09
        ],
        "coil1": [
            0.061797790229320526,
            -0.03454148769378662,
            -0.009354240261018276
        ],
        "coil2": [
            0.042889755219221115,
            0.07622745633125305,
            0.06027466058731079
        ],
        "coil3": [
            -0.012784119695425034,
            0.0905170887708664,
            0.06132124364376068
        ],
        "coil4": [
            -0.06377008557319641,
            -0.026937231421470642,
            0.007182030007243156
        ]
    },
    "HeadCoilCoordinateSystem": "ElektaNeuromag",
    "HeadCoilCoordinateUnits": "m",
    "AnatomicalLandmarkCoordinates": {
        "NAS": [
            -7.450580596923828e-09,
            0.09448063373565674,
            -7.450580596923828e-09
        ],
        "LPA": [
            -0.06375328451395035,
            0.0,
            1.1175870895385742e-08
        ],
        "RPA": [
            0.06698454171419144,
            0.0,
            9.313225746154785e-09
        ],
        "coil1": [
            0.061797790229320526,
            -0.03454148769378662,
            -0.009354240261018276
        ],
        "coil2": [
            0.042889755219221115,
            0.07622745633125305,
            0.06027466058731079
        ],
        "coil3": [
            -0.012784119695425034,
            0.0905170887708664,
            0.06132124364376068
        ],
        "coil4": [
            -0.06377008557319641,
            -0.026937231421470642,
            0.007182030007243156
        ]
    },
    "AnatomicalLandmarkCoordinateSystem": "ElektaNeuromag",
    "AnatomicalLandmarkCoordinateUnits": "m"
}
