{
    "MEGCoordinateSystem": "ElektaNeuromag",
    "MEGCoordinateUnits": "m",
    "MEGCoordinateSystemDescription": "RAS orientation and the origin between the ears",
    "HeadCoilCoordinates": {
        "NAS": [
            -1.1641532182693481e-08,
            0.09184950590133667,
            3.725290298461914e-09
        ],
        "LPA": [
            -0.06269706040620804,
            0.0,
            3.725290298461914e-09
        ],
        "RPA": [
            0.07657667994499207,
            -2.9802322387695312e-08,
            3.725290298461914e-09
        ],
        "coil1": [
            -0.05965474992990494,
            -0.04019591212272644,
            0.010399626567959785
        ],
        "coil2": [
            -0.025628333911299706,
            0.10022157430648804,
            0.02688284032046795
        ],
        "coil3": [
            0.05436837673187256,
            0.08932799100875854,
            0.045250941067934036
        ],
        "coil4": [
            0.07885552942752838,
            -0.0375349223613739,
            0.010500610806047916
        ]
    },
    "HeadCoilCoordinateSystem": "ElektaNeuromag",
    "HeadCoilCoordinateUnits": "m",
    "AnatomicalLandmarkCoordinates": {
        "NAS": [
            -1.1641532182693481e-08,
            0.09184950590133667,
            3.725290298461914e-09
        ],
        "LPA": [
            -0.06269706040620804,
            0.0,
            3.725290298461914e-09
        ],
        "RPA": [
            0.07657667994499207,
            -2.9802322387695312e-08,
            3.725290298461914e-09
        ],
        "coil1": [
            -0.05965474992990494,
            -0.04019591212272644,
            0.010399626567959785
        ],
        "coil2": [
            -0.025628333911299706,
            0.10022157430648804,
            0.02688284032046795
        ],
        "coil3": [
            0.05436837673187256,
            0.08932799100875854,
            0.045250941067934036
        ],
        "coil4": [
            0.07885552942752838,
            -0.0375349223613739,
            0.010500610806047916
        ]
    },
    "AnatomicalLandmarkCoordinateSystem": "ElektaNeuromag",
    "AnatomicalLandmarkCoordinateUnits": "m"
}
