{
    "MEGCoordinateSystem": "ElektaNeuromag",
    "MEGCoordinateUnits": "m",
    "MEGCoordinateSystemDescription": "RAS orientation and the origin between the ears",
    "HeadCoilCoordinates": {
        "NAS": [
            -1.4193224373570956e-10,
            0.09402182698249817,
            -1.1669620825216498e-08
        ],
        "LPA": [
            -0.06255027651786804,
            2.3114708369575965e-08,
            -9.186695848484305e-09
        ],
        "RPA": [
            0.07017426937818527,
            2.7294646542941337e-08,
            -9.634582909257006e-09
        ],
        "coil1": [
            0.06753230839967728,
            -0.06161308288574219,
            0.08672622591257095
        ],
        "coil2": [
            0.07016943395137787,
            0.054709941148757935,
            0.09445593506097794
        ],
        "coil3": [
            -0.08317145705223083,
            -0.009941697120666504,
            0.04437750577926636
        ],
        "coil4": [
            -0.06418419629335403,
            0.07743960618972778,
            0.048921987414360046
        ]
    },
    "HeadCoilCoordinateSystem": "ElektaNeuromag",
    "HeadCoilCoordinateUnits": "m",
    "AnatomicalLandmarkCoordinates": {
        "NAS": [
            -1.4193224373570956e-10,
            0.09402182698249817,
            -1.1669620825216498e-08
        ],
        "LPA": [
            -0.06255027651786804,
            2.3114708369575965e-08,
            -9.186695848484305e-09
        ],
        "RPA": [
            0.07017426937818527,
            2.7294646542941337e-08,
            -9.634582909257006e-09
        ],
        "coil1": [
            0.06753230839967728,
            -0.06161308288574219,
            0.08672622591257095
        ],
        "coil2": [
            0.07016943395137787,
            0.054709941148757935,
            0.09445593506097794
        ],
        "coil3": [
            -0.08317145705223083,
            -0.009941697120666504,
            0.04437750577926636
        ],
        "coil4": [
            -0.06418419629335403,
            0.07743960618972778,
            0.048921987414360046
        ]
    },
    "AnatomicalLandmarkCoordinateSystem": "ElektaNeuromag",
    "AnatomicalLandmarkCoordinateUnits": "m"
}
