{
    "MEGCoordinateSystem": "ElektaNeuromag",
    "MEGCoordinateUnits": "m",
    "MEGCoordinateSystemDescription": "RAS orientation and the origin between the ears",
    "HeadCoilCoordinates": {
        "NAS": [
            9.313225746154785e-10,
            0.09400513768196106,
            -7.450580596923828e-09
        ],
        "LPA": [
            -0.05990620702505112,
            0.0,
            2.2351741790771484e-08
        ],
        "RPA": [
            0.06686936318874359,
            0.0,
            1.862645149230957e-08
        ],
        "coil1": [
            0.0627865195274353,
            -0.03215917944908142,
            -0.013626530766487122
        ],
        "coil2": [
            0.04016133025288582,
            0.08004289865493774,
            0.06624200940132141
        ],
        "coil3": [
            -0.03472974896430969,
            0.07993784546852112,
            0.06692551076412201
        ],
        "coil4": [
            -0.05642413720488548,
            -0.03429344296455383,
            -0.008191511034965515
        ]
    },
    "HeadCoilCoordinateSystem": "ElektaNeuromag",
    "HeadCoilCoordinateUnits": "m",
    "AnatomicalLandmarkCoordinates": {
        "NAS": [
            9.313225746154785e-10,
            0.09400513768196106,
            -7.450580596923828e-09
        ],
        "LPA": [
            -0.05990620702505112,
            0.0,
            2.2351741790771484e-08
        ],
        "RPA": [
            0.06686936318874359,
            0.0,
            1.862645149230957e-08
        ],
        "coil1": [
            0.0627865195274353,
            -0.03215917944908142,
            -0.013626530766487122
        ],
        "coil2": [
            0.04016133025288582,
            0.08004289865493774,
            0.06624200940132141
        ],
        "coil3": [
            -0.03472974896430969,
            0.07993784546852112,
            0.06692551076412201
        ],
        "coil4": [
            -0.05642413720488548,
            -0.03429344296455383,
            -0.008191511034965515
        ]
    },
    "AnatomicalLandmarkCoordinateSystem": "ElektaNeuromag",
    "AnatomicalLandmarkCoordinateUnits": "m"
}
