{
    "MEGCoordinateSystem": "ElektaNeuromag",
    "MEGCoordinateUnits": "m",
    "MEGCoordinateSystemDescription": "RAS orientation and the origin between the ears",
    "HeadCoilCoordinates": {
        "NAS": [
            -3.725290298461914e-09,
            0.09470170736312866,
            -2.444721758365631e-09
        ],
        "LPA": [
            -0.07080130279064178,
            2.9802322387695312e-08,
            4.773028194904327e-09
        ],
        "RPA": [
            0.07469463348388672,
            2.9802322387695312e-08,
            8.731149137020111e-09
        ],
        "coil1": [
            -0.06349241733551025,
            -0.016406863927841187,
            -0.004509910941123962
        ],
        "coil2": [
            -0.03611401841044426,
            0.08246046304702759,
            0.10890599340200424
        ],
        "coil3": [
            0.03284391015768051,
            0.07801339030265808,
            0.11686411499977112
        ],
        "coil4": [
            0.06993535906076431,
            -0.019549041986465454,
            0.00276632490567863
        ]
    },
    "HeadCoilCoordinateSystem": "ElektaNeuromag",
    "HeadCoilCoordinateUnits": "m",
    "AnatomicalLandmarkCoordinates": {
        "NAS": [
            -3.725290298461914e-09,
            0.09470170736312866,
            -2.444721758365631e-09
        ],
        "LPA": [
            -0.07080130279064178,
            2.9802322387695312e-08,
            4.773028194904327e-09
        ],
        "RPA": [
            0.07469463348388672,
            2.9802322387695312e-08,
            8.731149137020111e-09
        ],
        "coil1": [
            -0.06349241733551025,
            -0.016406863927841187,
            -0.004509910941123962
        ],
        "coil2": [
            -0.03611401841044426,
            0.08246046304702759,
            0.10890599340200424
        ],
        "coil3": [
            0.03284391015768051,
            0.07801339030265808,
            0.11686411499977112
        ],
        "coil4": [
            0.06993535906076431,
            -0.019549041986465454,
            0.00276632490567863
        ]
    },
    "AnatomicalLandmarkCoordinateSystem": "ElektaNeuromag",
    "AnatomicalLandmarkCoordinateUnits": "m"
}
