{
    "MEGCoordinateSystem": "ElektaNeuromag",
    "MEGCoordinateUnits": "m",
    "MEGCoordinateSystemDescription": "RAS orientation and the origin between the ears",
    "HeadCoilCoordinates": {
        "NAS": [
            7.450580596923828e-09,
            0.08702528476715088,
            1.4901161193847656e-08
        ],
        "LPA": [
            -0.0622078962624073,
            0.0,
            0.0
        ],
        "RPA": [
            0.0687091201543808,
            2.9802322387695312e-08,
            1.4901161193847656e-08
        ],
        "coil1": [
            0.08237329125404358,
            -0.037652552127838135,
            0.09841258823871613
        ],
        "coil2": [
            0.0702432245016098,
            0.07879692316055298,
            0.07981199026107788
        ],
        "coil3": [
            -0.07159475237131119,
            0.05922815203666687,
            0.03980672359466553
        ],
        "coil4": [
            -0.07998359948396683,
            -0.026502341032028198,
            0.05987006425857544
        ]
    },
    "HeadCoilCoordinateSystem": "ElektaNeuromag",
    "HeadCoilCoordinateUnits": "m",
    "AnatomicalLandmarkCoordinates": {
        "NAS": [
            7.450580596923828e-09,
            0.08702528476715088,
            1.4901161193847656e-08
        ],
        "LPA": [
            -0.0622078962624073,
            0.0,
            0.0
        ],
        "RPA": [
            0.0687091201543808,
            2.9802322387695312e-08,
            1.4901161193847656e-08
        ],
        "coil1": [
            0.08237329125404358,
            -0.037652552127838135,
            0.09841258823871613
        ],
        "coil2": [
            0.0702432245016098,
            0.07879692316055298,
            0.07981199026107788
        ],
        "coil3": [
            -0.07159475237131119,
            0.05922815203666687,
            0.03980672359466553
        ],
        "coil4": [
            -0.07998359948396683,
            -0.026502341032028198,
            0.05987006425857544
        ]
    },
    "AnatomicalLandmarkCoordinateSystem": "ElektaNeuromag",
    "AnatomicalLandmarkCoordinateUnits": "m"
}
