{
    "MEGCoordinateSystem": "ElektaNeuromag",
    "MEGCoordinateUnits": "m",
    "MEGCoordinateSystemDescription": "RAS orientation and the origin between the ears",
    "HeadCoilCoordinates": {
        "NAS": [
            -7.450580596923828e-09,
            0.09469905495643616,
            3.725290298461914e-09
        ],
        "LPA": [
            -0.06901562213897705,
            0.0,
            -1.862645149230957e-09
        ],
        "RPA": [
            0.06511732935905457,
            -2.9802322387695312e-08,
            1.862645149230957e-09
        ],
        "coil1": [
            0.0660092830657959,
            -0.035378992557525635,
            0.007950859144330025
        ],
        "coil2": [
            0.04574469476938248,
            0.07700368762016296,
            0.07820738852024078
        ],
        "coil3": [
            -0.0422210656106472,
            0.08697286248207092,
            0.05909707769751549
        ],
        "coil4": [
            -0.07108189910650253,
            -0.03197231888771057,
            0.014038680121302605
        ]
    },
    "HeadCoilCoordinateSystem": "ElektaNeuromag",
    "HeadCoilCoordinateUnits": "m",
    "AnatomicalLandmarkCoordinates": {
        "NAS": [
            -7.450580596923828e-09,
            0.09469905495643616,
            3.725290298461914e-09
        ],
        "LPA": [
            -0.06901562213897705,
            0.0,
            -1.862645149230957e-09
        ],
        "RPA": [
            0.06511732935905457,
            -2.9802322387695312e-08,
            1.862645149230957e-09
        ],
        "coil1": [
            0.0660092830657959,
            -0.035378992557525635,
            0.007950859144330025
        ],
        "coil2": [
            0.04574469476938248,
            0.07700368762016296,
            0.07820738852024078
        ],
        "coil3": [
            -0.0422210656106472,
            0.08697286248207092,
            0.05909707769751549
        ],
        "coil4": [
            -0.07108189910650253,
            -0.03197231888771057,
            0.014038680121302605
        ]
    },
    "AnatomicalLandmarkCoordinateSystem": "ElektaNeuromag",
    "AnatomicalLandmarkCoordinateUnits": "m"
}
