{
    "MEGCoordinateSystem": "ElektaNeuromag",
    "MEGCoordinateUnits": "m",
    "MEGCoordinateSystemDescription": "RAS orientation and the origin between the ears",
    "HeadCoilCoordinates": {
        "NAS": [
            -1.1175870895385742e-08,
            0.09125924110412598,
            -1.4901161193847656e-08
        ],
        "LPA": [
            -0.07186539471149445,
            0.0,
            -1.4901161193847656e-08
        ],
        "RPA": [
            0.07140391319990158,
            -2.9802322387695312e-08,
            -7.450580596923828e-09
        ],
        "coil1": [
            0.07138263434171677,
            -0.03432580828666687,
            -0.010327152907848358
        ],
        "coil2": [
            0.03773191571235657,
            0.08836609125137329,
            0.07306338101625443
        ],
        "coil3": [
            -0.02598118782043457,
            0.09686079621315002,
            0.04170530289411545
        ],
        "coil4": [
            -0.07125646620988846,
            -0.03129076957702637,
            -0.004691079258918762
        ]
    },
    "HeadCoilCoordinateSystem": "ElektaNeuromag",
    "HeadCoilCoordinateUnits": "m",
    "AnatomicalLandmarkCoordinates": {
        "NAS": [
            -1.1175870895385742e-08,
            0.09125924110412598,
            -1.4901161193847656e-08
        ],
        "LPA": [
            -0.07186539471149445,
            0.0,
            -1.4901161193847656e-08
        ],
        "RPA": [
            0.07140391319990158,
            -2.9802322387695312e-08,
            -7.450580596923828e-09
        ],
        "coil1": [
            0.07138263434171677,
            -0.03432580828666687,
            -0.010327152907848358
        ],
        "coil2": [
            0.03773191571235657,
            0.08836609125137329,
            0.07306338101625443
        ],
        "coil3": [
            -0.02598118782043457,
            0.09686079621315002,
            0.04170530289411545
        ],
        "coil4": [
            -0.07125646620988846,
            -0.03129076957702637,
            -0.004691079258918762
        ]
    },
    "AnatomicalLandmarkCoordinateSystem": "ElektaNeuromag",
    "AnatomicalLandmarkCoordinateUnits": "m"
}
