{
    "MEGCoordinateSystem": "ElektaNeuromag",
    "MEGCoordinateUnits": "m",
    "MEGCoordinateSystemDescription": "RAS orientation and the origin between the ears",
    "HeadCoilCoordinates": {
        "NAS": [
            -1.862645149230957e-09,
            0.10112741589546204,
            0.0
        ],
        "LPA": [
            -0.06670323014259338,
            -2.9802322387695312e-08,
            -3.725290298461914e-09
        ],
        "RPA": [
            0.07998618483543396,
            2.9802322387695312e-08,
            3.725290298461914e-09
        ],
        "coil1": [
            0.051586490124464035,
            0.0943182110786438,
            0.04245772957801819
        ],
        "coil2": [
            0.08720328658819199,
            -0.03393346071243286,
            0.008071749471127987
        ],
        "coil3": [
            -0.07017812132835388,
            -0.0372045636177063,
            0.005757487844675779
        ],
        "coil4": [
            -0.03876476362347603,
            0.09517332911491394,
            0.04576990753412247
        ]
    },
    "HeadCoilCoordinateSystem": "ElektaNeuromag",
    "HeadCoilCoordinateUnits": "m",
    "AnatomicalLandmarkCoordinates": {
        "NAS": [
            -1.862645149230957e-09,
            0.10112741589546204,
            0.0
        ],
        "LPA": [
            -0.06670323014259338,
            -2.9802322387695312e-08,
            -3.725290298461914e-09
        ],
        "RPA": [
            0.07998618483543396,
            2.9802322387695312e-08,
            3.725290298461914e-09
        ],
        "coil1": [
            0.051586490124464035,
            0.0943182110786438,
            0.04245772957801819
        ],
        "coil2": [
            0.08720328658819199,
            -0.03393346071243286,
            0.008071749471127987
        ],
        "coil3": [
            -0.07017812132835388,
            -0.0372045636177063,
            0.005757487844675779
        ],
        "coil4": [
            -0.03876476362347603,
            0.09517332911491394,
            0.04576990753412247
        ]
    },
    "AnatomicalLandmarkCoordinateSystem": "ElektaNeuromag",
    "AnatomicalLandmarkCoordinateUnits": "m"
}
