{
    "MEGCoordinateSystem": "ElektaNeuromag",
    "MEGCoordinateUnits": "m",
    "MEGCoordinateSystemDescription": "RAS orientation and the origin between the ears",
    "HeadCoilCoordinates": {
        "NAS": [
            0.0,
            0.08733776211738586,
            -4.656612873077393e-10
        ],
        "LPA": [
            -0.06568808853626251,
            2.9802322387695312e-08,
            -5.587935447692871e-09
        ],
        "RPA": [
            0.061636440455913544,
            2.9802322387695312e-08,
            -6.752088665962219e-09
        ],
        "coil1": [
            0.05357605963945389,
            -0.03834285959601402,
            -0.0009038739954121411
        ],
        "coil2": [
            0.04106266796588898,
            0.09029996395111084,
            0.056726619601249695
        ],
        "coil3": [
            -0.041196808218955994,
            0.09549084305763245,
            0.031419433653354645
        ],
        "coil4": [
            -0.05656217411160469,
            -0.037677228450775146,
            -0.014295285567641258
        ]
    },
    "HeadCoilCoordinateSystem": "ElektaNeuromag",
    "HeadCoilCoordinateUnits": "m",
    "AnatomicalLandmarkCoordinates": {
        "NAS": [
            0.0,
            0.08733776211738586,
            -4.656612873077393e-10
        ],
        "LPA": [
            -0.06568808853626251,
            2.9802322387695312e-08,
            -5.587935447692871e-09
        ],
        "RPA": [
            0.061636440455913544,
            2.9802322387695312e-08,
            -6.752088665962219e-09
        ],
        "coil1": [
            0.05357605963945389,
            -0.03834285959601402,
            -0.0009038739954121411
        ],
        "coil2": [
            0.04106266796588898,
            0.09029996395111084,
            0.056726619601249695
        ],
        "coil3": [
            -0.041196808218955994,
            0.09549084305763245,
            0.031419433653354645
        ],
        "coil4": [
            -0.05656217411160469,
            -0.037677228450775146,
            -0.014295285567641258
        ]
    },
    "AnatomicalLandmarkCoordinateSystem": "ElektaNeuromag",
    "AnatomicalLandmarkCoordinateUnits": "m"
}
