{
    "MEGCoordinateSystem": "ElektaNeuromag",
    "MEGCoordinateUnits": "m",
    "MEGCoordinateSystemDescription": "RAS orientation and the origin between the ears",
    "HeadCoilCoordinates": {
        "NAS": [
            1.1175870895385742e-08,
            0.10057783126831055,
            -1.4901161193847656e-08
        ],
        "LPA": [
            -0.06845998764038086,
            1.4901161193847656e-08,
            -1.4901161193847656e-08
        ],
        "RPA": [
            0.07183234393596649,
            2.9802322387695312e-08,
            -1.4901161193847656e-08
        ],
        "coil1": [
            -0.03375609964132309,
            0.10195454955101013,
            0.046382635831832886
        ],
        "coil2": [
            -0.06613576412200928,
            -0.036032434552907944,
            -0.001316710957325995
        ],
        "coil3": [
            0.043236032128334045,
            0.09768944978713989,
            0.05316946655511856
        ],
        "coil4": [
            0.07681427150964737,
            -0.02868790738284588,
            0.012669794261455536
        ]
    },
    "HeadCoilCoordinateSystem": "ElektaNeuromag",
    "HeadCoilCoordinateUnits": "m",
    "AnatomicalLandmarkCoordinates": {
        "NAS": [
            1.1175870895385742e-08,
            0.10057783126831055,
            -1.4901161193847656e-08
        ],
        "LPA": [
            -0.06845998764038086,
            1.4901161193847656e-08,
            -1.4901161193847656e-08
        ],
        "RPA": [
            0.07183234393596649,
            2.9802322387695312e-08,
            -1.4901161193847656e-08
        ],
        "coil1": [
            -0.03375609964132309,
            0.10195454955101013,
            0.046382635831832886
        ],
        "coil2": [
            -0.06613576412200928,
            -0.036032434552907944,
            -0.001316710957325995
        ],
        "coil3": [
            0.043236032128334045,
            0.09768944978713989,
            0.05316946655511856
        ],
        "coil4": [
            0.07681427150964737,
            -0.02868790738284588,
            0.012669794261455536
        ]
    },
    "AnatomicalLandmarkCoordinateSystem": "ElektaNeuromag",
    "AnatomicalLandmarkCoordinateUnits": "m"
}
