{
    "MEGCoordinateSystem": "ElektaNeuromag",
    "MEGCoordinateUnits": "m",
    "MEGCoordinateSystemDescription": "RAS orientation and the origin between the ears",
    "HeadCoilCoordinates": {
        "NAS": [
            0.0,
            0.09077304601669312,
            -2.2351741790771484e-08
        ],
        "LPA": [
            -0.06405917555093765,
            2.9802322387695312e-08,
            -1.4901161193847656e-08
        ],
        "RPA": [
            0.06636571139097214,
            2.9802322387695312e-08,
            -7.450580596923828e-09
        ],
        "coil1": [
            0.02902941405773163,
            0.10029822587966919,
            0.030649548396468163
        ],
        "coil2": [
            0.06324639916419983,
            -0.033816054463386536,
            0.004274141043424606
        ],
        "coil3": [
            -0.06250403076410294,
            -0.03773847222328186,
            0.012791480869054794
        ],
        "coil4": [
            -0.03753885626792908,
            0.08608004450798035,
            0.05494373291730881
        ]
    },
    "HeadCoilCoordinateSystem": "ElektaNeuromag",
    "HeadCoilCoordinateUnits": "m",
    "AnatomicalLandmarkCoordinates": {
        "NAS": [
            0.0,
            0.09077304601669312,
            -2.2351741790771484e-08
        ],
        "LPA": [
            -0.06405917555093765,
            2.9802322387695312e-08,
            -1.4901161193847656e-08
        ],
        "RPA": [
            0.06636571139097214,
            2.9802322387695312e-08,
            -7.450580596923828e-09
        ],
        "coil1": [
            0.02902941405773163,
            0.10029822587966919,
            0.030649548396468163
        ],
        "coil2": [
            0.06324639916419983,
            -0.033816054463386536,
            0.004274141043424606
        ],
        "coil3": [
            -0.06250403076410294,
            -0.03773847222328186,
            0.012791480869054794
        ],
        "coil4": [
            -0.03753885626792908,
            0.08608004450798035,
            0.05494373291730881
        ]
    },
    "AnatomicalLandmarkCoordinateSystem": "ElektaNeuromag",
    "AnatomicalLandmarkCoordinateUnits": "m"
}
