{
    "MEGCoordinateSystem": "ElektaNeuromag",
    "MEGCoordinateUnits": "m",
    "MEGCoordinateSystemDescription": "RAS orientation and the origin between the ears",
    "HeadCoilCoordinates": {
        "NAS": [
            1.3969838619232178e-09,
            0.08997312188148499,
            -8.381903171539307e-09
        ],
        "LPA": [
            -0.06474410742521286,
            0.0,
            -6.51925802230835e-09
        ],
        "RPA": [
            0.06775127351284027,
            2.9802322387695312e-08,
            9.313225746154785e-10
        ],
        "coil1": [
            0.06006277725100517,
            0.03472068905830383,
            0.09345303475856781
        ],
        "coil2": [
            0.06738130003213882,
            -0.06814023852348328,
            0.04494966194033623
        ],
        "coil3": [
            -0.06937525421380997,
            0.05510035157203674,
            0.05329925939440727
        ],
        "coil4": [
            -0.08064047992229462,
            -0.02663484215736389,
            0.023615403100848198
        ]
    },
    "HeadCoilCoordinateSystem": "ElektaNeuromag",
    "HeadCoilCoordinateUnits": "m",
    "AnatomicalLandmarkCoordinates": {
        "NAS": [
            1.3969838619232178e-09,
            0.08997312188148499,
            -8.381903171539307e-09
        ],
        "LPA": [
            -0.06474410742521286,
            0.0,
            -6.51925802230835e-09
        ],
        "RPA": [
            0.06775127351284027,
            2.9802322387695312e-08,
            9.313225746154785e-10
        ],
        "coil1": [
            0.06006277725100517,
            0.03472068905830383,
            0.09345303475856781
        ],
        "coil2": [
            0.06738130003213882,
            -0.06814023852348328,
            0.04494966194033623
        ],
        "coil3": [
            -0.06937525421380997,
            0.05510035157203674,
            0.05329925939440727
        ],
        "coil4": [
            -0.08064047992229462,
            -0.02663484215736389,
            0.023615403100848198
        ]
    },
    "AnatomicalLandmarkCoordinateSystem": "ElektaNeuromag",
    "AnatomicalLandmarkCoordinateUnits": "m"
}
