{
    "MEGCoordinateSystem": "ElektaNeuromag",
    "MEGCoordinateUnits": "m",
    "MEGCoordinateSystemDescription": "RAS orientation and the origin between the ears",
    "HeadCoilCoordinates": {
        "NAS": [
            -5.122274160385132e-09,
            0.08803778886795044,
            0.0
        ],
        "LPA": [
            -0.06430130451917648,
            0.0,
            0.0
        ],
        "RPA": [
            0.05982041731476784,
            0.0,
            0.0
        ],
        "coil1": [
            -0.06544096767902374,
            -0.039541274309158325,
            -0.0073124016635119915
        ],
        "coil2": [
            -0.03134775161743164,
            0.09239059686660767,
            0.03285026550292969
        ],
        "coil3": [
            0.03248655050992966,
            0.09292539954185486,
            0.051806867122650146
        ],
        "coil4": [
            0.062001682817935944,
            -0.035423681139945984,
            -0.011630759574472904
        ]
    },
    "HeadCoilCoordinateSystem": "ElektaNeuromag",
    "HeadCoilCoordinateUnits": "m",
    "AnatomicalLandmarkCoordinates": {
        "NAS": [
            -5.122274160385132e-09,
            0.08803778886795044,
            0.0
        ],
        "LPA": [
            -0.06430130451917648,
            0.0,
            0.0
        ],
        "RPA": [
            0.05982041731476784,
            0.0,
            0.0
        ],
        "coil1": [
            -0.06544096767902374,
            -0.039541274309158325,
            -0.0073124016635119915
        ],
        "coil2": [
            -0.03134775161743164,
            0.09239059686660767,
            0.03285026550292969
        ],
        "coil3": [
            0.03248655050992966,
            0.09292539954185486,
            0.051806867122650146
        ],
        "coil4": [
            0.062001682817935944,
            -0.035423681139945984,
            -0.011630759574472904
        ]
    },
    "AnatomicalLandmarkCoordinateSystem": "ElektaNeuromag",
    "AnatomicalLandmarkCoordinateUnits": "m"
}
