{
    "MEGCoordinateSystem": "ElektaNeuromag",
    "MEGCoordinateUnits": "m",
    "MEGCoordinateSystemDescription": "RAS orientation and the origin between the ears",
    "HeadCoilCoordinates": {
        "NAS": [
            -7.450580596923828e-09,
            0.0886671245098114,
            -3.725290298461914e-09
        ],
        "LPA": [
            -0.06419820338487625,
            -2.9802322387695312e-08,
            0.0
        ],
        "RPA": [
            0.06055942922830582,
            -2.9802322387695312e-08,
            0.0
        ],
        "coil1": [
            -0.06007615476846695,
            -0.03636378049850464,
            -0.0034921769984066486
        ],
        "coil2": [
            -0.02362421341240406,
            0.09923237562179565,
            0.03675743192434311
        ],
        "coil3": [
            0.04330025613307953,
            0.0880994200706482,
            0.06979024410247803
        ],
        "coil4": [
            0.051002733409404755,
            -0.02976095862686634,
            -0.016833139583468437
        ]
    },
    "HeadCoilCoordinateSystem": "ElektaNeuromag",
    "HeadCoilCoordinateUnits": "m",
    "AnatomicalLandmarkCoordinates": {
        "NAS": [
            -7.450580596923828e-09,
            0.0886671245098114,
            -3.725290298461914e-09
        ],
        "LPA": [
            -0.06419820338487625,
            -2.9802322387695312e-08,
            0.0
        ],
        "RPA": [
            0.06055942922830582,
            -2.9802322387695312e-08,
            0.0
        ],
        "coil1": [
            -0.06007615476846695,
            -0.03636378049850464,
            -0.0034921769984066486
        ],
        "coil2": [
            -0.02362421341240406,
            0.09923237562179565,
            0.03675743192434311
        ],
        "coil3": [
            0.04330025613307953,
            0.0880994200706482,
            0.06979024410247803
        ],
        "coil4": [
            0.051002733409404755,
            -0.02976095862686634,
            -0.016833139583468437
        ]
    },
    "AnatomicalLandmarkCoordinateSystem": "ElektaNeuromag",
    "AnatomicalLandmarkCoordinateUnits": "m"
}
