{
    "MEGCoordinateSystem": "ElektaNeuromag",
    "MEGCoordinateUnits": "m",
    "MEGCoordinateSystemDescription": "RAS orientation and the origin between the ears",
    "HeadCoilCoordinates": {
        "NAS": [
            -9.313225746154785e-10,
            0.10462799668312073,
            1.4901161193847656e-08
        ],
        "LPA": [
            -0.07370706647634506,
            0.0,
            7.450580596923828e-09
        ],
        "RPA": [
            0.06914560496807098,
            0.0,
            3.725290298461914e-09
        ],
        "coil1": [
            -0.07429172098636627,
            -0.036878228187561035,
            0.008534401655197144
        ],
        "coil2": [
            -0.03199521079659462,
            0.10889527201652527,
            0.03193549066781998
        ],
        "coil3": [
            0.04370661824941635,
            0.09740006923675537,
            0.05739952251315117
        ],
        "coil4": [
            0.06726912409067154,
            -0.037770748138427734,
            -0.004179331939667463
        ]
    },
    "HeadCoilCoordinateSystem": "ElektaNeuromag",
    "HeadCoilCoordinateUnits": "m",
    "AnatomicalLandmarkCoordinates": {
        "NAS": [
            -9.313225746154785e-10,
            0.10462799668312073,
            1.4901161193847656e-08
        ],
        "LPA": [
            -0.07370706647634506,
            0.0,
            7.450580596923828e-09
        ],
        "RPA": [
            0.06914560496807098,
            0.0,
            3.725290298461914e-09
        ],
        "coil1": [
            -0.07429172098636627,
            -0.036878228187561035,
            0.008534401655197144
        ],
        "coil2": [
            -0.03199521079659462,
            0.10889527201652527,
            0.03193549066781998
        ],
        "coil3": [
            0.04370661824941635,
            0.09740006923675537,
            0.05739952251315117
        ],
        "coil4": [
            0.06726912409067154,
            -0.037770748138427734,
            -0.004179331939667463
        ]
    },
    "AnatomicalLandmarkCoordinateSystem": "ElektaNeuromag",
    "AnatomicalLandmarkCoordinateUnits": "m"
}
