{
    "MEGCoordinateSystem": "ElektaNeuromag",
    "MEGCoordinateUnits": "m",
    "MEGCoordinateSystemDescription": "RAS orientation and the origin between the ears",
    "HeadCoilCoordinates": {
        "NAS": [
            0.0,
            0.09044569730758667,
            3.725290298461914e-09
        ],
        "LPA": [
            -0.0578397661447525,
            0.0,
            0.0
        ],
        "RPA": [
            0.06698720157146454,
            0.0,
            1.862645149230957e-09
        ],
        "coil1": [
            0.06777437031269073,
            -0.028218314051628113,
            0.008677398785948753
        ],
        "coil2": [
            0.03168289363384247,
            0.10013994574546814,
            0.03833851218223572
        ],
        "coil3": [
            -0.026384782046079636,
            0.09496921300888062,
            0.018321838229894638
        ],
        "coil4": [
            -0.05164734646677971,
            -0.03525903820991516,
            0.010000541806221008
        ]
    },
    "HeadCoilCoordinateSystem": "ElektaNeuromag",
    "HeadCoilCoordinateUnits": "m",
    "AnatomicalLandmarkCoordinates": {
        "NAS": [
            0.0,
            0.09044569730758667,
            3.725290298461914e-09
        ],
        "LPA": [
            -0.0578397661447525,
            0.0,
            0.0
        ],
        "RPA": [
            0.06698720157146454,
            0.0,
            1.862645149230957e-09
        ],
        "coil1": [
            0.06777437031269073,
            -0.028218314051628113,
            0.008677398785948753
        ],
        "coil2": [
            0.03168289363384247,
            0.10013994574546814,
            0.03833851218223572
        ],
        "coil3": [
            -0.026384782046079636,
            0.09496921300888062,
            0.018321838229894638
        ],
        "coil4": [
            -0.05164734646677971,
            -0.03525903820991516,
            0.010000541806221008
        ]
    },
    "AnatomicalLandmarkCoordinateSystem": "ElektaNeuromag",
    "AnatomicalLandmarkCoordinateUnits": "m"
}
