{
    "MEGCoordinateSystem": "ElektaNeuromag",
    "MEGCoordinateUnits": "m",
    "MEGCoordinateSystemDescription": "RAS orientation and the origin between the ears",
    "HeadCoilCoordinates": {
        "NAS": [
            9.313225746154785e-09,
            0.09038819372653961,
            -3.725290298461914e-09
        ],
        "LPA": [
            -0.06480980664491653,
            1.4901161193847656e-08,
            -3.725290298461914e-08
        ],
        "RPA": [
            0.06977932155132294,
            2.9802322387695312e-08,
            -2.7939677238464355e-08
        ],
        "coil1": [
            -0.06045069918036461,
            -0.032704174518585205,
            -0.010541403666138649
        ],
        "coil2": [
            -0.032726045697927475,
            0.0781441479921341,
            0.06507532298564911
        ],
        "coil3": [
            0.03449954837560654,
            0.08166176080703735,
            0.06380391120910645
        ],
        "coil4": [
            0.06253885477781296,
            -0.022419556975364685,
            -0.02063581719994545
        ]
    },
    "HeadCoilCoordinateSystem": "ElektaNeuromag",
    "HeadCoilCoordinateUnits": "m",
    "AnatomicalLandmarkCoordinates": {
        "NAS": [
            9.313225746154785e-09,
            0.09038819372653961,
            -3.725290298461914e-09
        ],
        "LPA": [
            -0.06480980664491653,
            1.4901161193847656e-08,
            -3.725290298461914e-08
        ],
        "RPA": [
            0.06977932155132294,
            2.9802322387695312e-08,
            -2.7939677238464355e-08
        ],
        "coil1": [
            -0.06045069918036461,
            -0.032704174518585205,
            -0.010541403666138649
        ],
        "coil2": [
            -0.032726045697927475,
            0.0781441479921341,
            0.06507532298564911
        ],
        "coil3": [
            0.03449954837560654,
            0.08166176080703735,
            0.06380391120910645
        ],
        "coil4": [
            0.06253885477781296,
            -0.022419556975364685,
            -0.02063581719994545
        ]
    },
    "AnatomicalLandmarkCoordinateSystem": "ElektaNeuromag",
    "AnatomicalLandmarkCoordinateUnits": "m"
}
