{
    "MEGCoordinateSystem": "ElektaNeuromag",
    "MEGCoordinateUnits": "m",
    "MEGCoordinateSystemDescription": "RAS orientation and the origin between the ears",
    "HeadCoilCoordinates": {
        "NAS": [
            7.450580596923828e-09,
            0.10294288396835327,
            1.862645149230957e-09
        ],
        "LPA": [
            -0.06043009087443352,
            0.0,
            1.862645149230957e-09
        ],
        "RPA": [
            0.07188070565462112,
            2.9802322387695312e-08,
            1.1175870895385742e-08
        ],
        "coil1": [
            0.04593077674508095,
            0.09437441825866699,
            0.03153792768716812
        ],
        "coil2": [
            0.07696818560361862,
            -0.03413480520248413,
            0.01062651164829731
        ],
        "coil3": [
            -0.06391976028680801,
            -0.039220720529556274,
            0.014441587962210178
        ],
        "coil4": [
            -0.04108695685863495,
            0.09475576877593994,
            0.05284038186073303
        ]
    },
    "HeadCoilCoordinateSystem": "ElektaNeuromag",
    "HeadCoilCoordinateUnits": "m",
    "AnatomicalLandmarkCoordinates": {
        "NAS": [
            7.450580596923828e-09,
            0.10294288396835327,
            1.862645149230957e-09
        ],
        "LPA": [
            -0.06043009087443352,
            0.0,
            1.862645149230957e-09
        ],
        "RPA": [
            0.07188070565462112,
            2.9802322387695312e-08,
            1.1175870895385742e-08
        ],
        "coil1": [
            0.04593077674508095,
            0.09437441825866699,
            0.03153792768716812
        ],
        "coil2": [
            0.07696818560361862,
            -0.03413480520248413,
            0.01062651164829731
        ],
        "coil3": [
            -0.06391976028680801,
            -0.039220720529556274,
            0.014441587962210178
        ],
        "coil4": [
            -0.04108695685863495,
            0.09475576877593994,
            0.05284038186073303
        ]
    },
    "AnatomicalLandmarkCoordinateSystem": "ElektaNeuromag",
    "AnatomicalLandmarkCoordinateUnits": "m"
}
