{
    "MEGCoordinateSystem": "ElektaNeuromag",
    "MEGCoordinateUnits": "m",
    "MEGCoordinateSystemDescription": "RAS orientation and the origin between the ears",
    "HeadCoilCoordinates": {
        "NAS": [
            7.450580596923828e-09,
            0.09561371803283691,
            7.450580596923828e-09
        ],
        "LPA": [
            -0.06522887200117111,
            0.0,
            1.4901161193847656e-08
        ],
        "RPA": [
            0.07384965568780899,
            0.0,
            7.450580596923828e-09
        ],
        "coil1": [
            0.07391597330570221,
            -0.03373292088508606,
            -0.0026397109031677246
        ],
        "coil2": [
            0.03605350852012634,
            0.09486165642738342,
            0.07020987570285797
        ],
        "coil3": [
            -0.03282180801033974,
            0.10250768065452576,
            0.0497991219162941
        ],
        "coil4": [
            -0.06321113556623459,
            -0.03833436965942383,
            -0.0036918369587510824
        ]
    },
    "HeadCoilCoordinateSystem": "ElektaNeuromag",
    "HeadCoilCoordinateUnits": "m",
    "AnatomicalLandmarkCoordinates": {
        "NAS": [
            7.450580596923828e-09,
            0.09561371803283691,
            7.450580596923828e-09
        ],
        "LPA": [
            -0.06522887200117111,
            0.0,
            1.4901161193847656e-08
        ],
        "RPA": [
            0.07384965568780899,
            0.0,
            7.450580596923828e-09
        ],
        "coil1": [
            0.07391597330570221,
            -0.03373292088508606,
            -0.0026397109031677246
        ],
        "coil2": [
            0.03605350852012634,
            0.09486165642738342,
            0.07020987570285797
        ],
        "coil3": [
            -0.03282180801033974,
            0.10250768065452576,
            0.0497991219162941
        ],
        "coil4": [
            -0.06321113556623459,
            -0.03833436965942383,
            -0.0036918369587510824
        ]
    },
    "AnatomicalLandmarkCoordinateSystem": "ElektaNeuromag",
    "AnatomicalLandmarkCoordinateUnits": "m"
}
