{
    "MEGCoordinateSystem": "ElektaNeuromag",
    "MEGCoordinateUnits": "m",
    "MEGCoordinateSystemDescription": "RAS orientation and the origin between the ears",
    "HeadCoilCoordinates": {
        "NAS": [
            -3.725290298461914e-09,
            0.08432824909687042,
            0.0
        ],
        "LPA": [
            -0.05995197594165802,
            0.0,
            0.0
        ],
        "RPA": [
            0.06304580718278885,
            -1.4901161193847656e-08,
            0.0
        ],
        "coil1": [
            -0.057821523398160934,
            -0.03290720283985138,
            -0.002555243903771043
        ],
        "coil2": [
            -0.028919721022248268,
            0.09384480118751526,
            0.04416694864630699
        ],
        "coil3": [
            0.0376155748963356,
            0.08609840273857117,
            0.06712686270475388
        ],
        "coil4": [
            0.06107686460018158,
            -0.02284744381904602,
            -0.011100277304649353
        ]
    },
    "HeadCoilCoordinateSystem": "ElektaNeuromag",
    "HeadCoilCoordinateUnits": "m",
    "AnatomicalLandmarkCoordinates": {
        "NAS": [
            -3.725290298461914e-09,
            0.08432824909687042,
            0.0
        ],
        "LPA": [
            -0.05995197594165802,
            0.0,
            0.0
        ],
        "RPA": [
            0.06304580718278885,
            -1.4901161193847656e-08,
            0.0
        ],
        "coil1": [
            -0.057821523398160934,
            -0.03290720283985138,
            -0.002555243903771043
        ],
        "coil2": [
            -0.028919721022248268,
            0.09384480118751526,
            0.04416694864630699
        ],
        "coil3": [
            0.0376155748963356,
            0.08609840273857117,
            0.06712686270475388
        ],
        "coil4": [
            0.06107686460018158,
            -0.02284744381904602,
            -0.011100277304649353
        ]
    },
    "AnatomicalLandmarkCoordinateSystem": "ElektaNeuromag",
    "AnatomicalLandmarkCoordinateUnits": "m"
}
