{
    "MEGCoordinateSystem": "ElektaNeuromag",
    "MEGCoordinateUnits": "m",
    "MEGCoordinateSystemDescription": "RAS orientation and the origin between the ears",
    "HeadCoilCoordinates": {
        "NAS": [
            -7.450580596923828e-09,
            0.08329962193965912,
            7.450580596923828e-09
        ],
        "LPA": [
            -0.05522577464580536,
            4.470348358154297e-08,
            2.2351741790771484e-08
        ],
        "RPA": [
            0.0665532648563385,
            4.470348358154297e-08,
            7.450580596923828e-09
        ],
        "coil1": [
            -0.07636398077011108,
            -0.013884366489946842,
            0.04736766219139099
        ],
        "coil2": [
            -0.057248689234256744,
            0.06940272450447083,
            0.035340316593647
        ],
        "coil3": [
            0.06835673749446869,
            0.06521809101104736,
            0.07779806852340698
        ],
        "coil4": [
            0.0714612752199173,
            -0.04581610858440399,
            0.08829579502344131
        ]
    },
    "HeadCoilCoordinateSystem": "ElektaNeuromag",
    "HeadCoilCoordinateUnits": "m",
    "AnatomicalLandmarkCoordinates": {
        "NAS": [
            -7.450580596923828e-09,
            0.08329962193965912,
            7.450580596923828e-09
        ],
        "LPA": [
            -0.05522577464580536,
            4.470348358154297e-08,
            2.2351741790771484e-08
        ],
        "RPA": [
            0.0665532648563385,
            4.470348358154297e-08,
            7.450580596923828e-09
        ],
        "coil1": [
            -0.07636398077011108,
            -0.013884366489946842,
            0.04736766219139099
        ],
        "coil2": [
            -0.057248689234256744,
            0.06940272450447083,
            0.035340316593647
        ],
        "coil3": [
            0.06835673749446869,
            0.06521809101104736,
            0.07779806852340698
        ],
        "coil4": [
            0.0714612752199173,
            -0.04581610858440399,
            0.08829579502344131
        ]
    },
    "AnatomicalLandmarkCoordinateSystem": "ElektaNeuromag",
    "AnatomicalLandmarkCoordinateUnits": "m"
}
