{
    "MEGCoordinateSystem": "ElektaNeuromag",
    "MEGCoordinateUnits": "m",
    "MEGCoordinateSystemDescription": "RAS orientation and the origin between the ears",
    "HeadCoilCoordinates": {
        "NAS": [
            -5.587935447692871e-09,
            0.08775705099105835,
            2.2351741790771484e-08
        ],
        "LPA": [
            -0.06079494208097458,
            0.0,
            0.0
        ],
        "RPA": [
            0.06950971484184265,
            -2.9802322387695312e-08,
            -1.4901161193847656e-08
        ],
        "coil1": [
            0.0361909344792366,
            0.0859982967376709,
            0.028595954179763794
        ],
        "coil2": [
            0.07148045301437378,
            -0.03531539440155029,
            0.004810922313481569
        ],
        "coil3": [
            -0.061624109745025635,
            -0.035104986280202866,
            0.001812926959246397
        ],
        "coil4": [
            -0.025734663009643555,
            0.08690738677978516,
            0.042562227696180344
        ]
    },
    "HeadCoilCoordinateSystem": "ElektaNeuromag",
    "HeadCoilCoordinateUnits": "m",
    "AnatomicalLandmarkCoordinates": {
        "NAS": [
            -5.587935447692871e-09,
            0.08775705099105835,
            2.2351741790771484e-08
        ],
        "LPA": [
            -0.06079494208097458,
            0.0,
            0.0
        ],
        "RPA": [
            0.06950971484184265,
            -2.9802322387695312e-08,
            -1.4901161193847656e-08
        ],
        "coil1": [
            0.0361909344792366,
            0.0859982967376709,
            0.028595954179763794
        ],
        "coil2": [
            0.07148045301437378,
            -0.03531539440155029,
            0.004810922313481569
        ],
        "coil3": [
            -0.061624109745025635,
            -0.035104986280202866,
            0.001812926959246397
        ],
        "coil4": [
            -0.025734663009643555,
            0.08690738677978516,
            0.042562227696180344
        ]
    },
    "AnatomicalLandmarkCoordinateSystem": "ElektaNeuromag",
    "AnatomicalLandmarkCoordinateUnits": "m"
}
