{
    "MEGCoordinateSystem": "ElektaNeuromag",
    "MEGCoordinateUnits": "m",
    "MEGCoordinateSystemDescription": "RAS orientation and the origin between the ears",
    "HeadCoilCoordinates": {
        "NAS": [
            5.587935447692871e-09,
            0.08674845099449158,
            -3.725290298461914e-09
        ],
        "LPA": [
            -0.0706465095281601,
            0.0,
            -5.587935447692871e-09
        ],
        "RPA": [
            0.06994470208883286,
            0.0,
            2.7939677238464355e-09
        ],
        "coil1": [
            -0.06659900397062302,
            -0.026954859495162964,
            -0.021128077059984207
        ],
        "coil2": [
            -0.027116898447275162,
            0.09726867079734802,
            0.02736259624361992
        ],
        "coil3": [
            0.034266453236341476,
            0.09756197780370712,
            0.04163636267185211
        ],
        "coil4": [
            0.06439998745918274,
            -0.03723081946372986,
            -0.0016207259614020586
        ]
    },
    "HeadCoilCoordinateSystem": "ElektaNeuromag",
    "HeadCoilCoordinateUnits": "m",
    "AnatomicalLandmarkCoordinates": {
        "NAS": [
            5.587935447692871e-09,
            0.08674845099449158,
            -3.725290298461914e-09
        ],
        "LPA": [
            -0.0706465095281601,
            0.0,
            -5.587935447692871e-09
        ],
        "RPA": [
            0.06994470208883286,
            0.0,
            2.7939677238464355e-09
        ],
        "coil1": [
            -0.06659900397062302,
            -0.026954859495162964,
            -0.021128077059984207
        ],
        "coil2": [
            -0.027116898447275162,
            0.09726867079734802,
            0.02736259624361992
        ],
        "coil3": [
            0.034266453236341476,
            0.09756197780370712,
            0.04163636267185211
        ],
        "coil4": [
            0.06439998745918274,
            -0.03723081946372986,
            -0.0016207259614020586
        ]
    },
    "AnatomicalLandmarkCoordinateSystem": "ElektaNeuromag",
    "AnatomicalLandmarkCoordinateUnits": "m"
}
