{
    "MEGCoordinateSystem": "ElektaNeuromag",
    "MEGCoordinateUnits": "m",
    "MEGCoordinateSystemDescription": "RAS orientation and the origin between the ears",
    "HeadCoilCoordinates": {
        "NAS": [
            0.0,
            0.092648446559906,
            -1.862645149230957e-08
        ],
        "LPA": [
            -0.05881524831056595,
            0.0,
            -1.862645149230957e-08
        ],
        "RPA": [
            0.06591949611902237,
            0.0,
            -3.725290298461914e-09
        ],
        "coil1": [
            0.0681694746017456,
            0.03853300213813782,
            0.007433108985424042
        ],
        "coil2": [
            0.07508380711078644,
            -0.0035819709300994873,
            0.0015375691000372171
        ],
        "coil3": [
            -0.05025767534971237,
            0.08479958772659302,
            0.04634444788098335
        ],
        "coil4": [
            -0.053733013570308685,
            -0.02975243330001831,
            -0.00838451087474823
        ]
    },
    "HeadCoilCoordinateSystem": "ElektaNeuromag",
    "HeadCoilCoordinateUnits": "m",
    "AnatomicalLandmarkCoordinates": {
        "NAS": [
            0.0,
            0.092648446559906,
            -1.862645149230957e-08
        ],
        "LPA": [
            -0.05881524831056595,
            0.0,
            -1.862645149230957e-08
        ],
        "RPA": [
            0.06591949611902237,
            0.0,
            -3.725290298461914e-09
        ],
        "coil1": [
            0.0681694746017456,
            0.03853300213813782,
            0.007433108985424042
        ],
        "coil2": [
            0.07508380711078644,
            -0.0035819709300994873,
            0.0015375691000372171
        ],
        "coil3": [
            -0.05025767534971237,
            0.08479958772659302,
            0.04634444788098335
        ],
        "coil4": [
            -0.053733013570308685,
            -0.02975243330001831,
            -0.00838451087474823
        ]
    },
    "AnatomicalLandmarkCoordinateSystem": "ElektaNeuromag",
    "AnatomicalLandmarkCoordinateUnits": "m"
}
