{
    "MEGCoordinateSystem": "ElektaNeuromag",
    "MEGCoordinateUnits": "m",
    "MEGCoordinateSystemDescription": "RAS orientation and the origin between the ears",
    "HeadCoilCoordinates": {
        "NAS": [
            -7.450580596923828e-09,
            0.0861700177192688,
            -3.725290298461914e-09
        ],
        "LPA": [
            -0.06551691889762878,
            0.0,
            -3.725290298461914e-09
        ],
        "RPA": [
            0.06490737199783325,
            0.0,
            -3.725290298461914e-09
        ],
        "coil1": [
            0.05066690593957901,
            0.07563310861587524,
            0.03632039576768875
        ],
        "coil2": [
            0.06333546340465546,
            -0.035991400480270386,
            0.003598865121603012
        ],
        "coil3": [
            -0.06247691065073013,
            -0.04011063277721405,
            0.01249812263995409
        ],
        "coil4": [
            -0.032572388648986816,
            0.09305408596992493,
            0.04495694488286972
        ]
    },
    "HeadCoilCoordinateSystem": "ElektaNeuromag",
    "HeadCoilCoordinateUnits": "m",
    "AnatomicalLandmarkCoordinates": {
        "NAS": [
            -7.450580596923828e-09,
            0.0861700177192688,
            -3.725290298461914e-09
        ],
        "LPA": [
            -0.06551691889762878,
            0.0,
            -3.725290298461914e-09
        ],
        "RPA": [
            0.06490737199783325,
            0.0,
            -3.725290298461914e-09
        ],
        "coil1": [
            0.05066690593957901,
            0.07563310861587524,
            0.03632039576768875
        ],
        "coil2": [
            0.06333546340465546,
            -0.035991400480270386,
            0.003598865121603012
        ],
        "coil3": [
            -0.06247691065073013,
            -0.04011063277721405,
            0.01249812263995409
        ],
        "coil4": [
            -0.032572388648986816,
            0.09305408596992493,
            0.04495694488286972
        ]
    },
    "AnatomicalLandmarkCoordinateSystem": "ElektaNeuromag",
    "AnatomicalLandmarkCoordinateUnits": "m"
}
