{
    "MEGCoordinateSystem": "ElektaNeuromag",
    "MEGCoordinateUnits": "m",
    "MEGCoordinateSystemDescription": "RAS orientation and the origin between the ears",
    "HeadCoilCoordinates": {
        "NAS": [
            7.450580596923828e-09,
            0.08906504511833191,
            -1.862645149230957e-09
        ],
        "LPA": [
            -0.064722940325737,
            -2.9802322387695312e-08,
            -9.313225746154785e-10
        ],
        "RPA": [
            0.06268695741891861,
            0.0,
            -1.862645149230957e-09
        ],
        "coil1": [
            -0.060534846037626266,
            -0.03162318468093872,
            -0.002255565021187067
        ],
        "coil2": [
            -0.032533787190914154,
            0.0968923270702362,
            0.03156961128115654
        ],
        "coil3": [
            0.03562772274017334,
            0.09569081664085388,
            0.06335093826055527
        ],
        "coil4": [
            0.05446698144078255,
            -0.030813099816441536,
            -0.015929456800222397
        ]
    },
    "HeadCoilCoordinateSystem": "ElektaNeuromag",
    "HeadCoilCoordinateUnits": "m",
    "AnatomicalLandmarkCoordinates": {
        "NAS": [
            7.450580596923828e-09,
            0.08906504511833191,
            -1.862645149230957e-09
        ],
        "LPA": [
            -0.064722940325737,
            -2.9802322387695312e-08,
            -9.313225746154785e-10
        ],
        "RPA": [
            0.06268695741891861,
            0.0,
            -1.862645149230957e-09
        ],
        "coil1": [
            -0.060534846037626266,
            -0.03162318468093872,
            -0.002255565021187067
        ],
        "coil2": [
            -0.032533787190914154,
            0.0968923270702362,
            0.03156961128115654
        ],
        "coil3": [
            0.03562772274017334,
            0.09569081664085388,
            0.06335093826055527
        ],
        "coil4": [
            0.05446698144078255,
            -0.030813099816441536,
            -0.015929456800222397
        ]
    },
    "AnatomicalLandmarkCoordinateSystem": "ElektaNeuromag",
    "AnatomicalLandmarkCoordinateUnits": "m"
}
