{
    "MEGCoordinateSystem": "ElektaNeuromag",
    "MEGCoordinateUnits": "m",
    "MEGCoordinateSystemDescription": "RAS orientation and the origin between the ears",
    "HeadCoilCoordinates": {
        "NAS": [
            -5.587935447692871e-09,
            0.08466708660125732,
            9.313225746154785e-09
        ],
        "LPA": [
            -0.06563661247491837,
            2.9802322387695312e-08,
            -1.30385160446167e-08
        ],
        "RPA": [
            0.0716371089220047,
            0.0,
            -7.450580596923828e-09
        ],
        "coil1": [
            0.03584092855453491,
            0.0912950336933136,
            0.034916214644908905
        ],
        "coil2": [
            0.07165373116731644,
            -0.033910393714904785,
            -0.004383398219943047
        ],
        "coil3": [
            -0.06734603643417358,
            -0.037760645151138306,
            0.008012031204998493
        ],
        "coil4": [
            -0.019474290311336517,
            0.09561097621917725,
            0.047041282057762146
        ]
    },
    "HeadCoilCoordinateSystem": "ElektaNeuromag",
    "HeadCoilCoordinateUnits": "m",
    "AnatomicalLandmarkCoordinates": {
        "NAS": [
            -5.587935447692871e-09,
            0.08466708660125732,
            9.313225746154785e-09
        ],
        "LPA": [
            -0.06563661247491837,
            2.9802322387695312e-08,
            -1.30385160446167e-08
        ],
        "RPA": [
            0.0716371089220047,
            0.0,
            -7.450580596923828e-09
        ],
        "coil1": [
            0.03584092855453491,
            0.0912950336933136,
            0.034916214644908905
        ],
        "coil2": [
            0.07165373116731644,
            -0.033910393714904785,
            -0.004383398219943047
        ],
        "coil3": [
            -0.06734603643417358,
            -0.037760645151138306,
            0.008012031204998493
        ],
        "coil4": [
            -0.019474290311336517,
            0.09561097621917725,
            0.047041282057762146
        ]
    },
    "AnatomicalLandmarkCoordinateSystem": "ElektaNeuromag",
    "AnatomicalLandmarkCoordinateUnits": "m"
}
