{
    "MEGCoordinateSystem": "ElektaNeuromag",
    "MEGCoordinateUnits": "m",
    "MEGCoordinateSystemDescription": "RAS orientation and the origin between the ears",
    "HeadCoilCoordinates": {
        "NAS": [
            -4.190951585769653e-09,
            0.1005607396364212,
            1.4901161193847656e-08
        ],
        "LPA": [
            -0.06311113387346268,
            -2.9802322387695312e-08,
            0.0
        ],
        "RPA": [
            0.06970356404781342,
            -2.9802322387695312e-08,
            1.1175870895385742e-08
        ],
        "coil1": [
            -0.06517774611711502,
            -0.02335330843925476,
            0.009841438382863998
        ],
        "coil2": [
            -0.03474707528948784,
            0.09137320518493652,
            0.05321497470140457
        ],
        "coil3": [
            0.039316534996032715,
            0.08599086105823517,
            0.06661663949489594
        ],
        "coil4": [
            0.06899447739124298,
            -0.02440519444644451,
            0.004772196989506483
        ]
    },
    "HeadCoilCoordinateSystem": "ElektaNeuromag",
    "HeadCoilCoordinateUnits": "m",
    "AnatomicalLandmarkCoordinates": {
        "NAS": [
            -4.190951585769653e-09,
            0.1005607396364212,
            1.4901161193847656e-08
        ],
        "LPA": [
            -0.06311113387346268,
            -2.9802322387695312e-08,
            0.0
        ],
        "RPA": [
            0.06970356404781342,
            -2.9802322387695312e-08,
            1.1175870895385742e-08
        ],
        "coil1": [
            -0.06517774611711502,
            -0.02335330843925476,
            0.009841438382863998
        ],
        "coil2": [
            -0.03474707528948784,
            0.09137320518493652,
            0.05321497470140457
        ],
        "coil3": [
            0.039316534996032715,
            0.08599086105823517,
            0.06661663949489594
        ],
        "coil4": [
            0.06899447739124298,
            -0.02440519444644451,
            0.004772196989506483
        ]
    },
    "AnatomicalLandmarkCoordinateSystem": "ElektaNeuromag",
    "AnatomicalLandmarkCoordinateUnits": "m"
}
