{
    "MEGCoordinateSystem": "ElektaNeuromag",
    "MEGCoordinateUnits": "m",
    "MEGCoordinateSystemDescription": "RAS orientation and the origin between the ears",
    "HeadCoilCoordinates": {
        "NAS": [
            -3.725290298461914e-09,
            0.09055078029632568,
            9.313225746154785e-10
        ],
        "LPA": [
            -0.07194897532463074,
            0.0,
            -9.313225746154785e-10
        ],
        "RPA": [
            0.060767389833927155,
            0.0,
            9.313225746154785e-10
        ],
        "coil1": [
            0.057983577251434326,
            -0.034190833568573,
            -0.006878795102238655
        ],
        "coil2": [
            0.03313841670751572,
            0.09653034806251526,
            0.057895272970199585
        ],
        "coil3": [
            -0.036364443600177765,
            0.09906655550003052,
            0.0549350269138813
        ],
        "coil4": [
            -0.06731889396905899,
            -0.03432455658912659,
            -0.005049293860793114
        ]
    },
    "HeadCoilCoordinateSystem": "ElektaNeuromag",
    "HeadCoilCoordinateUnits": "m",
    "AnatomicalLandmarkCoordinates": {
        "NAS": [
            -3.725290298461914e-09,
            0.09055078029632568,
            9.313225746154785e-10
        ],
        "LPA": [
            -0.07194897532463074,
            0.0,
            -9.313225746154785e-10
        ],
        "RPA": [
            0.060767389833927155,
            0.0,
            9.313225746154785e-10
        ],
        "coil1": [
            0.057983577251434326,
            -0.034190833568573,
            -0.006878795102238655
        ],
        "coil2": [
            0.03313841670751572,
            0.09653034806251526,
            0.057895272970199585
        ],
        "coil3": [
            -0.036364443600177765,
            0.09906655550003052,
            0.0549350269138813
        ],
        "coil4": [
            -0.06731889396905899,
            -0.03432455658912659,
            -0.005049293860793114
        ]
    },
    "AnatomicalLandmarkCoordinateSystem": "ElektaNeuromag",
    "AnatomicalLandmarkCoordinateUnits": "m"
}
