{
    "MEGCoordinateSystem": "ElektaNeuromag",
    "MEGCoordinateUnits": "m",
    "MEGCoordinateSystemDescription": "RAS orientation and the origin between the ears",
    "HeadCoilCoordinates": {
        "NAS": [
            -4.457158198079014e-09,
            0.10175126791000366,
            2.8903732740559462e-09
        ],
        "LPA": [
            -0.07132445275783539,
            9.029701431018111e-09,
            -9.978383452846629e-09
        ],
        "RPA": [
            0.07003806531429291,
            1.1210836703412497e-08,
            -1.013097339352953e-08
        ],
        "coil1": [
            0.06564894318580627,
            0.07000720500946045,
            0.0925498753786087
        ],
        "coil2": [
            0.05733237415552139,
            -0.0541740357875824,
            0.10922007262706757
        ],
        "coil3": [
            -0.09009423851966858,
            -0.0008457009680569172,
            0.04508848488330841
        ],
        "coil4": [
            -0.06793849170207977,
            0.08309713006019592,
            0.0333491712808609
        ]
    },
    "HeadCoilCoordinateSystem": "ElektaNeuromag",
    "HeadCoilCoordinateUnits": "m",
    "AnatomicalLandmarkCoordinates": {
        "NAS": [
            -4.457158198079014e-09,
            0.10175126791000366,
            2.8903732740559462e-09
        ],
        "LPA": [
            -0.07132445275783539,
            9.029701431018111e-09,
            -9.978383452846629e-09
        ],
        "RPA": [
            0.07003806531429291,
            1.1210836703412497e-08,
            -1.013097339352953e-08
        ],
        "coil1": [
            0.06564894318580627,
            0.07000720500946045,
            0.0925498753786087
        ],
        "coil2": [
            0.05733237415552139,
            -0.0541740357875824,
            0.10922007262706757
        ],
        "coil3": [
            -0.09009423851966858,
            -0.0008457009680569172,
            0.04508848488330841
        ],
        "coil4": [
            -0.06793849170207977,
            0.08309713006019592,
            0.0333491712808609
        ]
    },
    "AnatomicalLandmarkCoordinateSystem": "ElektaNeuromag",
    "AnatomicalLandmarkCoordinateUnits": "m"
}
