{
    "MEGCoordinateSystem": "ElektaNeuromag",
    "MEGCoordinateUnits": "m",
    "MEGCoordinateSystemDescription": "RAS orientation and the origin between the ears",
    "HeadCoilCoordinates": {
        "NAS": [
            1.1175870895385742e-08,
            0.09580034017562866,
            6.51925802230835e-09
        ],
        "LPA": [
            -0.07266151905059814,
            0.0,
            1.3504177331924438e-08
        ],
        "RPA": [
            0.0711204931139946,
            0.0,
            1.3969838619232178e-08
        ],
        "coil1": [
            0.06354853510856628,
            -0.026389360427856445,
            -0.008878329768776894
        ],
        "coil2": [
            0.06489711999893188,
            0.05878722667694092,
            0.027969958260655403
        ],
        "coil3": [
            -0.03428662568330765,
            0.1040012538433075,
            0.05739416182041168
        ],
        "coil4": [
            -0.06473128497600555,
            -0.02858048677444458,
            0.0007516450132243335
        ]
    },
    "HeadCoilCoordinateSystem": "ElektaNeuromag",
    "HeadCoilCoordinateUnits": "m",
    "AnatomicalLandmarkCoordinates": {
        "NAS": [
            1.1175870895385742e-08,
            0.09580034017562866,
            6.51925802230835e-09
        ],
        "LPA": [
            -0.07266151905059814,
            0.0,
            1.3504177331924438e-08
        ],
        "RPA": [
            0.0711204931139946,
            0.0,
            1.3969838619232178e-08
        ],
        "coil1": [
            0.06354853510856628,
            -0.026389360427856445,
            -0.008878329768776894
        ],
        "coil2": [
            0.06489711999893188,
            0.05878722667694092,
            0.027969958260655403
        ],
        "coil3": [
            -0.03428662568330765,
            0.1040012538433075,
            0.05739416182041168
        ],
        "coil4": [
            -0.06473128497600555,
            -0.02858048677444458,
            0.0007516450132243335
        ]
    },
    "AnatomicalLandmarkCoordinateSystem": "ElektaNeuromag",
    "AnatomicalLandmarkCoordinateUnits": "m"
}
