{
    "MEGCoordinateSystem": "ElektaNeuromag",
    "MEGCoordinateUnits": "m",
    "MEGCoordinateSystemDescription": "RAS orientation and the origin between the ears",
    "HeadCoilCoordinates": {
        "NAS": [
            1.862645149230957e-09,
            0.08761560916900635,
            -3.725290298461914e-09
        ],
        "LPA": [
            -0.06258833408355713,
            -5.960464477539063e-08,
            -1.1175870895385742e-08
        ],
        "RPA": [
            0.06493232399225235,
            -2.9802322387695312e-08,
            -1.30385160446167e-08
        ],
        "coil1": [
            0.06018942594528198,
            -0.031785860657691956,
            -0.005833957344293594
        ],
        "coil2": [
            0.029445704072713852,
            0.09727299213409424,
            0.06831459701061249
        ],
        "coil3": [
            -0.03637441247701645,
            0.09645998477935791,
            0.046762824058532715
        ],
        "coil4": [
            -0.05407097563147545,
            -0.032416269183158875,
            -0.008395738899707794
        ]
    },
    "HeadCoilCoordinateSystem": "ElektaNeuromag",
    "HeadCoilCoordinateUnits": "m",
    "AnatomicalLandmarkCoordinates": {
        "NAS": [
            1.862645149230957e-09,
            0.08761560916900635,
            -3.725290298461914e-09
        ],
        "LPA": [
            -0.06258833408355713,
            -5.960464477539063e-08,
            -1.1175870895385742e-08
        ],
        "RPA": [
            0.06493232399225235,
            -2.9802322387695312e-08,
            -1.30385160446167e-08
        ],
        "coil1": [
            0.06018942594528198,
            -0.031785860657691956,
            -0.005833957344293594
        ],
        "coil2": [
            0.029445704072713852,
            0.09727299213409424,
            0.06831459701061249
        ],
        "coil3": [
            -0.03637441247701645,
            0.09645998477935791,
            0.046762824058532715
        ],
        "coil4": [
            -0.05407097563147545,
            -0.032416269183158875,
            -0.008395738899707794
        ]
    },
    "AnatomicalLandmarkCoordinateSystem": "ElektaNeuromag",
    "AnatomicalLandmarkCoordinateUnits": "m"
}
