{
    "MEGCoordinateSystem": "ElektaNeuromag",
    "MEGCoordinateUnits": "m",
    "MEGCoordinateSystemDescription": "RAS orientation and the origin between the ears",
    "HeadCoilCoordinates": {
        "NAS": [
            -7.450580596923828e-09,
            0.08891478180885315,
            7.450580596923828e-09
        ],
        "LPA": [
            -0.06110263988375664,
            0.0,
            -3.725290298461914e-09
        ],
        "RPA": [
            0.06576196849346161,
            0.0,
            -7.450580596923828e-09
        ],
        "coil1": [
            -0.056940678507089615,
            -0.035547226667404175,
            0.0038262440357357264
        ],
        "coil2": [
            -0.016415171325206757,
            0.10015636682510376,
            0.030052008107304573
        ],
        "coil3": [
            0.03193492442369461,
            0.09681451320648193,
            0.0582641139626503
        ],
        "coil4": [
            0.0639955922961235,
            -0.02940163016319275,
            -0.002563562011346221
        ]
    },
    "HeadCoilCoordinateSystem": "ElektaNeuromag",
    "HeadCoilCoordinateUnits": "m",
    "AnatomicalLandmarkCoordinates": {
        "NAS": [
            -7.450580596923828e-09,
            0.08891478180885315,
            7.450580596923828e-09
        ],
        "LPA": [
            -0.06110263988375664,
            0.0,
            -3.725290298461914e-09
        ],
        "RPA": [
            0.06576196849346161,
            0.0,
            -7.450580596923828e-09
        ],
        "coil1": [
            -0.056940678507089615,
            -0.035547226667404175,
            0.0038262440357357264
        ],
        "coil2": [
            -0.016415171325206757,
            0.10015636682510376,
            0.030052008107304573
        ],
        "coil3": [
            0.03193492442369461,
            0.09681451320648193,
            0.0582641139626503
        ],
        "coil4": [
            0.0639955922961235,
            -0.02940163016319275,
            -0.002563562011346221
        ]
    },
    "AnatomicalLandmarkCoordinateSystem": "ElektaNeuromag",
    "AnatomicalLandmarkCoordinateUnits": "m"
}
