{
    "MEGCoordinateSystem": "ElektaNeuromag",
    "MEGCoordinateUnits": "m",
    "MEGCoordinateSystemDescription": "RAS orientation and the origin between the ears",
    "HeadCoilCoordinates": {
        "NAS": [
            0.0,
            0.09229888021945953,
            1.4901161193847656e-08
        ],
        "LPA": [
            -0.06140092760324478,
            2.9802322387695312e-08,
            0.0
        ],
        "RPA": [
            0.05828818678855896,
            2.9802322387695312e-08,
            0.0
        ],
        "coil1": [
            0.05468235909938812,
            0.0822490006685257,
            0.07932932674884796
        ],
        "coil2": [
            0.0732724592089653,
            -0.03261673450469971,
            0.08620946109294891
        ],
        "coil3": [
            -0.07910698652267456,
            0.06681753695011139,
            0.05497026443481445
        ],
        "coil4": [
            -0.08775538206100464,
            -0.018014520406723022,
            0.06850550323724747
        ]
    },
    "HeadCoilCoordinateSystem": "ElektaNeuromag",
    "HeadCoilCoordinateUnits": "m",
    "AnatomicalLandmarkCoordinates": {
        "NAS": [
            0.0,
            0.09229888021945953,
            1.4901161193847656e-08
        ],
        "LPA": [
            -0.06140092760324478,
            2.9802322387695312e-08,
            0.0
        ],
        "RPA": [
            0.05828818678855896,
            2.9802322387695312e-08,
            0.0
        ],
        "coil1": [
            0.05468235909938812,
            0.0822490006685257,
            0.07932932674884796
        ],
        "coil2": [
            0.0732724592089653,
            -0.03261673450469971,
            0.08620946109294891
        ],
        "coil3": [
            -0.07910698652267456,
            0.06681753695011139,
            0.05497026443481445
        ],
        "coil4": [
            -0.08775538206100464,
            -0.018014520406723022,
            0.06850550323724747
        ]
    },
    "AnatomicalLandmarkCoordinateSystem": "ElektaNeuromag",
    "AnatomicalLandmarkCoordinateUnits": "m"
}
