{
    "MEGCoordinateSystem": "ElektaNeuromag",
    "MEGCoordinateUnits": "m",
    "MEGCoordinateSystemDescription": "RAS orientation and the origin between the ears",
    "HeadCoilCoordinates": {
        "NAS": [
            3.725290298461914e-09,
            0.0790223777294159,
            0.0
        ],
        "LPA": [
            -0.05209963023662567,
            -2.9802322387695312e-08,
            0.0
        ],
        "RPA": [
            0.06370283663272858,
            0.0,
            -3.725290298461914e-09
        ],
        "coil1": [
            -0.05267646908760071,
            -0.03721538186073303,
            0.0026561280246824026
        ],
        "coil2": [
            -0.028980284929275513,
            0.08223146200180054,
            0.03111778199672699
        ],
        "coil3": [
            0.03366120159626007,
            0.08286887407302856,
            0.06628161668777466
        ],
        "coil4": [
            0.06731975078582764,
            -0.03556065261363983,
            0.0014542420394718647
        ]
    },
    "HeadCoilCoordinateSystem": "ElektaNeuromag",
    "HeadCoilCoordinateUnits": "m",
    "AnatomicalLandmarkCoordinates": {
        "NAS": [
            3.725290298461914e-09,
            0.0790223777294159,
            0.0
        ],
        "LPA": [
            -0.05209963023662567,
            -2.9802322387695312e-08,
            0.0
        ],
        "RPA": [
            0.06370283663272858,
            0.0,
            -3.725290298461914e-09
        ],
        "coil1": [
            -0.05267646908760071,
            -0.03721538186073303,
            0.0026561280246824026
        ],
        "coil2": [
            -0.028980284929275513,
            0.08223146200180054,
            0.03111778199672699
        ],
        "coil3": [
            0.03366120159626007,
            0.08286887407302856,
            0.06628161668777466
        ],
        "coil4": [
            0.06731975078582764,
            -0.03556065261363983,
            0.0014542420394718647
        ]
    },
    "AnatomicalLandmarkCoordinateSystem": "ElektaNeuromag",
    "AnatomicalLandmarkCoordinateUnits": "m"
}
