{
    "MEGCoordinateSystem": "ElektaNeuromag",
    "MEGCoordinateUnits": "m",
    "MEGCoordinateSystemDescription": "RAS orientation and the origin between the ears",
    "HeadCoilCoordinates": {
        "NAS": [
            -1.4901161193847656e-08,
            0.0897541344165802,
            -7.450580596923828e-09
        ],
        "LPA": [
            -0.05649572238326073,
            0.0,
            -3.3527612686157227e-08
        ],
        "RPA": [
            0.07957446575164795,
            -2.9802322387695312e-08,
            -1.4901161193847656e-08
        ],
        "coil1": [
            0.033626846969127655,
            0.06641620397567749,
            0.03498518466949463
        ],
        "coil2": [
            0.07194292545318604,
            -0.03761615976691246,
            -0.011705925688147545
        ],
        "coil3": [
            -0.05898281931877136,
            -0.047230422496795654,
            -0.0003842000151053071
        ],
        "coil4": [
            -0.03142304718494415,
            0.06621173024177551,
            0.042121656239032745
        ]
    },
    "HeadCoilCoordinateSystem": "ElektaNeuromag",
    "HeadCoilCoordinateUnits": "m",
    "AnatomicalLandmarkCoordinates": {
        "NAS": [
            -1.4901161193847656e-08,
            0.0897541344165802,
            -7.450580596923828e-09
        ],
        "LPA": [
            -0.05649572238326073,
            0.0,
            -3.3527612686157227e-08
        ],
        "RPA": [
            0.07957446575164795,
            -2.9802322387695312e-08,
            -1.4901161193847656e-08
        ],
        "coil1": [
            0.033626846969127655,
            0.06641620397567749,
            0.03498518466949463
        ],
        "coil2": [
            0.07194292545318604,
            -0.03761615976691246,
            -0.011705925688147545
        ],
        "coil3": [
            -0.05898281931877136,
            -0.047230422496795654,
            -0.0003842000151053071
        ],
        "coil4": [
            -0.03142304718494415,
            0.06621173024177551,
            0.042121656239032745
        ]
    },
    "AnatomicalLandmarkCoordinateSystem": "ElektaNeuromag",
    "AnatomicalLandmarkCoordinateUnits": "m"
}
