{
    "MEGCoordinateSystem": "ElektaNeuromag",
    "MEGCoordinateUnits": "m",
    "MEGCoordinateSystemDescription": "RAS orientation and the origin between the ears",
    "HeadCoilCoordinates": {
        "NAS": [
            0.0,
            0.09341958165168762,
            0.0
        ],
        "LPA": [
            -0.06605181097984314,
            -2.9802322387695312e-08,
            -3.725290298461914e-09
        ],
        "RPA": [
            0.07289288938045502,
            0.0,
            0.0
        ],
        "coil1": [
            0.07257623970508575,
            -0.03996893763542175,
            0.0009701359667815268
        ],
        "coil2": [
            0.05099013075232506,
            0.07593849301338196,
            0.06758324801921844
        ],
        "coil3": [
            -0.035359226167201996,
            0.0890364944934845,
            0.04609314352273941
        ],
        "coil4": [
            -0.06879808008670807,
            -0.04281941056251526,
            0.011474382132291794
        ]
    },
    "HeadCoilCoordinateSystem": "ElektaNeuromag",
    "HeadCoilCoordinateUnits": "m",
    "AnatomicalLandmarkCoordinates": {
        "NAS": [
            0.0,
            0.09341958165168762,
            0.0
        ],
        "LPA": [
            -0.06605181097984314,
            -2.9802322387695312e-08,
            -3.725290298461914e-09
        ],
        "RPA": [
            0.07289288938045502,
            0.0,
            0.0
        ],
        "coil1": [
            0.07257623970508575,
            -0.03996893763542175,
            0.0009701359667815268
        ],
        "coil2": [
            0.05099013075232506,
            0.07593849301338196,
            0.06758324801921844
        ],
        "coil3": [
            -0.035359226167201996,
            0.0890364944934845,
            0.04609314352273941
        ],
        "coil4": [
            -0.06879808008670807,
            -0.04281941056251526,
            0.011474382132291794
        ]
    },
    "AnatomicalLandmarkCoordinateSystem": "ElektaNeuromag",
    "AnatomicalLandmarkCoordinateUnits": "m"
}
