{
    "MEGCoordinateSystem": "ElektaNeuromag",
    "MEGCoordinateUnits": "m",
    "MEGCoordinateSystemDescription": "RAS orientation and the origin between the ears",
    "HeadCoilCoordinates": {
        "NAS": [
            1.1175870895385742e-08,
            0.09960445761680603,
            2.9802322387695312e-08
        ],
        "LPA": [
            -0.05771653726696968,
            -2.9802322387695312e-08,
            -1.1175870895385742e-08
        ],
        "RPA": [
            0.07062456011772156,
            -2.9802322387695312e-08,
            -1.1175870895385742e-08
        ],
        "coil1": [
            0.05094168707728386,
            0.08978152275085449,
            0.05265490710735321
        ],
        "coil2": [
            0.0721944123506546,
            -0.032633841037750244,
            0.0052606090903282166
        ],
        "coil3": [
            -0.05904193967580795,
            -0.028363138437271118,
            0.011290696449577808
        ],
        "coil4": [
            -0.027418598532676697,
            0.10355332493782043,
            0.043227773159742355
        ]
    },
    "HeadCoilCoordinateSystem": "ElektaNeuromag",
    "HeadCoilCoordinateUnits": "m",
    "AnatomicalLandmarkCoordinates": {
        "NAS": [
            1.1175870895385742e-08,
            0.09960445761680603,
            2.9802322387695312e-08
        ],
        "LPA": [
            -0.05771653726696968,
            -2.9802322387695312e-08,
            -1.1175870895385742e-08
        ],
        "RPA": [
            0.07062456011772156,
            -2.9802322387695312e-08,
            -1.1175870895385742e-08
        ],
        "coil1": [
            0.05094168707728386,
            0.08978152275085449,
            0.05265490710735321
        ],
        "coil2": [
            0.0721944123506546,
            -0.032633841037750244,
            0.0052606090903282166
        ],
        "coil3": [
            -0.05904193967580795,
            -0.028363138437271118,
            0.011290696449577808
        ],
        "coil4": [
            -0.027418598532676697,
            0.10355332493782043,
            0.043227773159742355
        ]
    },
    "AnatomicalLandmarkCoordinateSystem": "ElektaNeuromag",
    "AnatomicalLandmarkCoordinateUnits": "m"
}
