{
    "MEGCoordinateSystem": "ElektaNeuromag",
    "MEGCoordinateUnits": "m",
    "MEGCoordinateSystemDescription": "RAS orientation and the origin between the ears",
    "HeadCoilCoordinates": {
        "NAS": [
            5.471520125865936e-09,
            0.08962112665176392,
            3.725290298461914e-08
        ],
        "LPA": [
            -0.06417964398860931,
            0.0,
            2.9802322387695312e-08
        ],
        "RPA": [
            0.07028426975011826,
            0.0,
            3.725290298461914e-08
        ],
        "coil1": [
            0.03561287745833397,
            0.09952232241630554,
            0.047554485499858856
        ],
        "coil2": [
            0.06705690175294876,
            -0.03626319766044617,
            -0.0024661568459123373
        ],
        "coil3": [
            -0.03738664090633392,
            0.09486591815948486,
            0.035183824598789215
        ],
        "coil4": [
            -0.06277164071798325,
            -0.030358552932739258,
            0.014836407266557217
        ]
    },
    "HeadCoilCoordinateSystem": "ElektaNeuromag",
    "HeadCoilCoordinateUnits": "m",
    "AnatomicalLandmarkCoordinates": {
        "NAS": [
            5.471520125865936e-09,
            0.08962112665176392,
            3.725290298461914e-08
        ],
        "LPA": [
            -0.06417964398860931,
            0.0,
            2.9802322387695312e-08
        ],
        "RPA": [
            0.07028426975011826,
            0.0,
            3.725290298461914e-08
        ],
        "coil1": [
            0.03561287745833397,
            0.09952232241630554,
            0.047554485499858856
        ],
        "coil2": [
            0.06705690175294876,
            -0.03626319766044617,
            -0.0024661568459123373
        ],
        "coil3": [
            -0.03738664090633392,
            0.09486591815948486,
            0.035183824598789215
        ],
        "coil4": [
            -0.06277164071798325,
            -0.030358552932739258,
            0.014836407266557217
        ]
    },
    "AnatomicalLandmarkCoordinateSystem": "ElektaNeuromag",
    "AnatomicalLandmarkCoordinateUnits": "m"
}
