{
    "MEGCoordinateSystem": "ElektaNeuromag",
    "MEGCoordinateUnits": "m",
    "MEGCoordinateSystemDescription": "RAS orientation and the origin between the ears",
    "HeadCoilCoordinates": {
        "NAS": [
            -1.4901161193847656e-08,
            0.08791595697402954,
            -7.450580596923828e-09
        ],
        "LPA": [
            -0.056551557034254074,
            2.9802322387695312e-08,
            0.0
        ],
        "RPA": [
            0.1153908222913742,
            0.0,
            0.0
        ],
        "coil1": [
            -0.011862725019454956,
            -0.044830892235040665,
            0.005527741741389036
        ],
        "coil2": [
            0.04593167454004288,
            0.09909585118293762,
            0.01834321767091751
        ],
        "coil3": [
            0.09897121787071228,
            0.0919589102268219,
            0.036520231515169144
        ],
        "coil4": [
            0.12362030148506165,
            -0.061277300119400024,
            -0.0025493500288575888
        ]
    },
    "HeadCoilCoordinateSystem": "ElektaNeuromag",
    "HeadCoilCoordinateUnits": "m",
    "AnatomicalLandmarkCoordinates": {
        "NAS": [
            -1.4901161193847656e-08,
            0.08791595697402954,
            -7.450580596923828e-09
        ],
        "LPA": [
            -0.056551557034254074,
            2.9802322387695312e-08,
            0.0
        ],
        "RPA": [
            0.1153908222913742,
            0.0,
            0.0
        ],
        "coil1": [
            -0.011862725019454956,
            -0.044830892235040665,
            0.005527741741389036
        ],
        "coil2": [
            0.04593167454004288,
            0.09909585118293762,
            0.01834321767091751
        ],
        "coil3": [
            0.09897121787071228,
            0.0919589102268219,
            0.036520231515169144
        ],
        "coil4": [
            0.12362030148506165,
            -0.061277300119400024,
            -0.0025493500288575888
        ]
    },
    "AnatomicalLandmarkCoordinateSystem": "ElektaNeuromag",
    "AnatomicalLandmarkCoordinateUnits": "m"
}
