{
    "MEGCoordinateSystem": "ElektaNeuromag",
    "MEGCoordinateUnits": "m",
    "MEGCoordinateSystemDescription": "RAS orientation and the origin between the ears",
    "HeadCoilCoordinates": {
        "NAS": [
            -7.450580596923828e-09,
            0.0929727554321289,
            7.450580596923828e-09
        ],
        "LPA": [
            -0.06415325403213501,
            2.9802322387695312e-08,
            2.9802322387695312e-08
        ],
        "RPA": [
            0.06858816742897034,
            0.0,
            2.9802322387695312e-08
        ],
        "coil1": [
            -0.05910510569810867,
            -0.03342583775520325,
            -0.00260474206879735
        ],
        "coil2": [
            -0.026864495128393173,
            0.0872030258178711,
            0.06509043276309967
        ],
        "coil3": [
            0.03702591359615326,
            0.08648604154586792,
            0.04418214038014412
        ],
        "coil4": [
            0.0631045550107956,
            -0.030519068241119385,
            -0.005459024105221033
        ]
    },
    "HeadCoilCoordinateSystem": "ElektaNeuromag",
    "HeadCoilCoordinateUnits": "m",
    "AnatomicalLandmarkCoordinates": {
        "NAS": [
            -7.450580596923828e-09,
            0.0929727554321289,
            7.450580596923828e-09
        ],
        "LPA": [
            -0.06415325403213501,
            2.9802322387695312e-08,
            2.9802322387695312e-08
        ],
        "RPA": [
            0.06858816742897034,
            0.0,
            2.9802322387695312e-08
        ],
        "coil1": [
            -0.05910510569810867,
            -0.03342583775520325,
            -0.00260474206879735
        ],
        "coil2": [
            -0.026864495128393173,
            0.0872030258178711,
            0.06509043276309967
        ],
        "coil3": [
            0.03702591359615326,
            0.08648604154586792,
            0.04418214038014412
        ],
        "coil4": [
            0.0631045550107956,
            -0.030519068241119385,
            -0.005459024105221033
        ]
    },
    "AnatomicalLandmarkCoordinateSystem": "ElektaNeuromag",
    "AnatomicalLandmarkCoordinateUnits": "m"
}
