{
    "MEGCoordinateSystem": "ElektaNeuromag",
    "MEGCoordinateUnits": "m",
    "MEGCoordinateSystemDescription": "RAS orientation and the origin between the ears",
    "HeadCoilCoordinates": {
        "NAS": [
            -1.0290315266558991e-09,
            0.09678364545106888,
            -9.49731671084919e-09
        ],
        "LPA": [
            -0.05880199745297432,
            1.4126356973065413e-08,
            -6.510305183837772e-09
        ],
        "RPA": [
            0.06383582204580307,
            6.712852496093547e-11,
            -1.395673976389844e-08
        ],
        "coil1": [
            0.055330947041511536,
            -0.049705877900123596,
            0.10627146065235138
        ],
        "coil2": [
            0.069100022315979,
            0.06598203629255295,
            0.09513943642377853
        ],
        "coil3": [
            -0.051715120673179626,
            0.09658448398113251,
            0.04640144109725952
        ],
        "coil4": [
            -0.07907161116600037,
            0.012189180590212345,
            0.051346391439437866
        ]
    },
    "HeadCoilCoordinateSystem": "ElektaNeuromag",
    "HeadCoilCoordinateUnits": "m",
    "AnatomicalLandmarkCoordinates": {
        "NAS": [
            -1.0290315266558991e-09,
            0.09678364545106888,
            -9.49731671084919e-09
        ],
        "LPA": [
            -0.05880199745297432,
            1.4126356973065413e-08,
            -6.510305183837772e-09
        ],
        "RPA": [
            0.06383582204580307,
            6.712852496093547e-11,
            -1.395673976389844e-08
        ],
        "coil1": [
            0.055330947041511536,
            -0.049705877900123596,
            0.10627146065235138
        ],
        "coil2": [
            0.069100022315979,
            0.06598203629255295,
            0.09513943642377853
        ],
        "coil3": [
            -0.051715120673179626,
            0.09658448398113251,
            0.04640144109725952
        ],
        "coil4": [
            -0.07907161116600037,
            0.012189180590212345,
            0.051346391439437866
        ]
    },
    "AnatomicalLandmarkCoordinateSystem": "ElektaNeuromag",
    "AnatomicalLandmarkCoordinateUnits": "m"
}
