{
    "MEGCoordinateSystem": "ElektaNeuromag",
    "MEGCoordinateUnits": "m",
    "MEGCoordinateSystemDescription": "RAS orientation and the origin between the ears",
    "HeadCoilCoordinates": {
        "NAS": [
            -1.3969838619232178e-09,
            0.08136981725692749,
            -4.679350240621716e-10
        ],
        "LPA": [
            -0.054828185588121414,
            0.0,
            -1.7209913494298235e-09
        ],
        "RPA": [
            0.06144418567419052,
            0.0,
            -1.854687070590444e-09
        ],
        "coil1": [
            -0.06442194432020187,
            -0.030018404126167297,
            -0.0025861940812319517
        ],
        "coil2": [
            -0.0034420660231262445,
            0.08568191528320312,
            0.017974678426980972
        ],
        "coil3": [
            0.04150436073541641,
            0.08024698495864868,
            0.058098677545785904
        ],
        "coil4": [
            0.057315319776535034,
            -0.029306113719940186,
            0.009328125044703484
        ]
    },
    "HeadCoilCoordinateSystem": "ElektaNeuromag",
    "HeadCoilCoordinateUnits": "m",
    "AnatomicalLandmarkCoordinates": {
        "NAS": [
            -1.3969838619232178e-09,
            0.08136981725692749,
            -4.679350240621716e-10
        ],
        "LPA": [
            -0.054828185588121414,
            0.0,
            -1.7209913494298235e-09
        ],
        "RPA": [
            0.06144418567419052,
            0.0,
            -1.854687070590444e-09
        ],
        "coil1": [
            -0.06442194432020187,
            -0.030018404126167297,
            -0.0025861940812319517
        ],
        "coil2": [
            -0.0034420660231262445,
            0.08568191528320312,
            0.017974678426980972
        ],
        "coil3": [
            0.04150436073541641,
            0.08024698495864868,
            0.058098677545785904
        ],
        "coil4": [
            0.057315319776535034,
            -0.029306113719940186,
            0.009328125044703484
        ]
    },
    "AnatomicalLandmarkCoordinateSystem": "ElektaNeuromag",
    "AnatomicalLandmarkCoordinateUnits": "m"
}
