{
    "MEGCoordinateSystem": "ElektaNeuromag",
    "MEGCoordinateUnits": "m",
    "MEGCoordinateSystemDescription": "RAS orientation and the origin between the ears",
    "HeadCoilCoordinates": {
        "NAS": [
            2.7939677238464355e-09,
            0.08300560712814331,
            1.1175870895385742e-08
        ],
        "LPA": [
            -0.06460284441709518,
            2.9802322387695312e-08,
            1.1175870895385742e-08
        ],
        "RPA": [
            0.06206286698579788,
            2.9802322387695312e-08,
            1.1175870895385742e-08
        ],
        "coil1": [
            -0.06299616396427155,
            -0.041178762912750244,
            -0.003773976117372513
        ],
        "coil2": [
            -0.031048942357301712,
            0.08675184845924377,
            0.03549928218126297
        ],
        "coil3": [
            0.019715959206223488,
            0.0888025164604187,
            0.05299921706318855
        ],
        "coil4": [
            0.06372789293527603,
            -0.03920796513557434,
            -0.0013428479433059692
        ]
    },
    "HeadCoilCoordinateSystem": "ElektaNeuromag",
    "HeadCoilCoordinateUnits": "m",
    "AnatomicalLandmarkCoordinates": {
        "NAS": [
            2.7939677238464355e-09,
            0.08300560712814331,
            1.1175870895385742e-08
        ],
        "LPA": [
            -0.06460284441709518,
            2.9802322387695312e-08,
            1.1175870895385742e-08
        ],
        "RPA": [
            0.06206286698579788,
            2.9802322387695312e-08,
            1.1175870895385742e-08
        ],
        "coil1": [
            -0.06299616396427155,
            -0.041178762912750244,
            -0.003773976117372513
        ],
        "coil2": [
            -0.031048942357301712,
            0.08675184845924377,
            0.03549928218126297
        ],
        "coil3": [
            0.019715959206223488,
            0.0888025164604187,
            0.05299921706318855
        ],
        "coil4": [
            0.06372789293527603,
            -0.03920796513557434,
            -0.0013428479433059692
        ]
    },
    "AnatomicalLandmarkCoordinateSystem": "ElektaNeuromag",
    "AnatomicalLandmarkCoordinateUnits": "m"
}
