{
    "MEGCoordinateSystem": "ElektaNeuromag",
    "MEGCoordinateUnits": "m",
    "MEGCoordinateSystemDescription": "RAS orientation and the origin between the ears",
    "HeadCoilCoordinates": {
        "NAS": [
            0.0,
            0.08379030227661133,
            2.0489096641540527e-08
        ],
        "LPA": [
            -0.06210925430059433,
            0.0,
            -2.0489096641540527e-08
        ],
        "RPA": [
            0.07429848611354828,
            -2.9802322387695312e-08,
            -7.916241884231567e-09
        ],
        "coil1": [
            -0.07125632464885712,
            0.05390241742134094,
            0.03923168033361435
        ],
        "coil2": [
            -0.08059766888618469,
            -0.030690401792526245,
            0.01615690067410469
        ],
        "coil3": [
            0.07881121337413788,
            -0.06416389346122742,
            0.05560991168022156
        ],
        "coil4": [
            0.060088690370321274,
            0.04638272523880005,
            0.09153898060321808
        ]
    },
    "HeadCoilCoordinateSystem": "ElektaNeuromag",
    "HeadCoilCoordinateUnits": "m",
    "AnatomicalLandmarkCoordinates": {
        "NAS": [
            0.0,
            0.08379030227661133,
            2.0489096641540527e-08
        ],
        "LPA": [
            -0.06210925430059433,
            0.0,
            -2.0489096641540527e-08
        ],
        "RPA": [
            0.07429848611354828,
            -2.9802322387695312e-08,
            -7.916241884231567e-09
        ],
        "coil1": [
            -0.07125632464885712,
            0.05390241742134094,
            0.03923168033361435
        ],
        "coil2": [
            -0.08059766888618469,
            -0.030690401792526245,
            0.01615690067410469
        ],
        "coil3": [
            0.07881121337413788,
            -0.06416389346122742,
            0.05560991168022156
        ],
        "coil4": [
            0.060088690370321274,
            0.04638272523880005,
            0.09153898060321808
        ]
    },
    "AnatomicalLandmarkCoordinateSystem": "ElektaNeuromag",
    "AnatomicalLandmarkCoordinateUnits": "m"
}
