{
    "MEGCoordinateSystem": "ElektaNeuromag",
    "MEGCoordinateUnits": "m",
    "MEGCoordinateSystemDescription": "RAS orientation and the origin between the ears",
    "HeadCoilCoordinates": {
        "NAS": [
            -9.313225746154785e-10,
            0.08757399022579193,
            -7.450580596923828e-09
        ],
        "LPA": [
            -0.0593399778008461,
            2.9802322387695312e-08,
            0.0
        ],
        "RPA": [
            0.06683016568422318,
            2.9802322387695312e-08,
            3.725290298461914e-09
        ],
        "coil1": [
            0.03209622949361801,
            0.09328961372375488,
            0.03746182471513748
        ],
        "coil2": [
            0.07059769332408905,
            -0.03425230085849762,
            0.01433105394244194
        ],
        "coil3": [
            -0.062439750880002975,
            -0.0350508838891983,
            0.01566457562148571
        ],
        "coil4": [
            -0.024077001959085464,
            0.09411627054214478,
            0.05200532078742981
        ]
    },
    "HeadCoilCoordinateSystem": "ElektaNeuromag",
    "HeadCoilCoordinateUnits": "m",
    "AnatomicalLandmarkCoordinates": {
        "NAS": [
            -9.313225746154785e-10,
            0.08757399022579193,
            -7.450580596923828e-09
        ],
        "LPA": [
            -0.0593399778008461,
            2.9802322387695312e-08,
            0.0
        ],
        "RPA": [
            0.06683016568422318,
            2.9802322387695312e-08,
            3.725290298461914e-09
        ],
        "coil1": [
            0.03209622949361801,
            0.09328961372375488,
            0.03746182471513748
        ],
        "coil2": [
            0.07059769332408905,
            -0.03425230085849762,
            0.01433105394244194
        ],
        "coil3": [
            -0.062439750880002975,
            -0.0350508838891983,
            0.01566457562148571
        ],
        "coil4": [
            -0.024077001959085464,
            0.09411627054214478,
            0.05200532078742981
        ]
    },
    "AnatomicalLandmarkCoordinateSystem": "ElektaNeuromag",
    "AnatomicalLandmarkCoordinateUnits": "m"
}
