{
    "MEGCoordinateSystem": "ElektaNeuromag",
    "MEGCoordinateUnits": "m",
    "MEGCoordinateSystemDescription": "RAS orientation and the origin between the ears",
    "HeadCoilCoordinates": {
        "NAS": [
            3.725290298461914e-09,
            0.07987105846405029,
            -1.30385160446167e-08
        ],
        "LPA": [
            -0.05435848608613014,
            0.0,
            -3.4924596548080444e-08
        ],
        "RPA": [
            0.07545821368694305,
            2.9802322387695312e-08,
            -3.5390257835388184e-08
        ],
        "coil1": [
            0.07689083367586136,
            0.0328373908996582,
            0.08680018037557602
        ],
        "coil2": [
            0.0707385316491127,
            -0.08013543486595154,
            0.0737622082233429
        ],
        "coil3": [
            -0.055036984384059906,
            0.06151053309440613,
            0.04414171352982521
        ],
        "coil4": [
            -0.07560472190380096,
            -0.018299996852874756,
            0.03501971438527107
        ]
    },
    "HeadCoilCoordinateSystem": "ElektaNeuromag",
    "HeadCoilCoordinateUnits": "m",
    "AnatomicalLandmarkCoordinates": {
        "NAS": [
            3.725290298461914e-09,
            0.07987105846405029,
            -1.30385160446167e-08
        ],
        "LPA": [
            -0.05435848608613014,
            0.0,
            -3.4924596548080444e-08
        ],
        "RPA": [
            0.07545821368694305,
            2.9802322387695312e-08,
            -3.5390257835388184e-08
        ],
        "coil1": [
            0.07689083367586136,
            0.0328373908996582,
            0.08680018037557602
        ],
        "coil2": [
            0.0707385316491127,
            -0.08013543486595154,
            0.0737622082233429
        ],
        "coil3": [
            -0.055036984384059906,
            0.06151053309440613,
            0.04414171352982521
        ],
        "coil4": [
            -0.07560472190380096,
            -0.018299996852874756,
            0.03501971438527107
        ]
    },
    "AnatomicalLandmarkCoordinateSystem": "ElektaNeuromag",
    "AnatomicalLandmarkCoordinateUnits": "m"
}
