{
    "MEGCoordinateSystem": "ElektaNeuromag",
    "MEGCoordinateUnits": "m",
    "MEGCoordinateSystemDescription": "RAS orientation and the origin between the ears",
    "HeadCoilCoordinates": {
        "NAS": [
            -7.450580596923828e-09,
            0.09524989128112793,
            0.0
        ],
        "LPA": [
            -0.06654669344425201,
            2.9802322387695312e-08,
            -1.4901161193847656e-08
        ],
        "RPA": [
            0.07523470371961594,
            0.0,
            0.0
        ],
        "coil1": [
            0.10323342680931091,
            -0.03460100293159485,
            -0.01944664865732193
        ],
        "coil2": [
            0.07005777955055237,
            0.08284732699394226,
            0.030850164592266083
        ],
        "coil3": [
            -0.004574954975396395,
            0.10141152143478394,
            -0.01581411063671112
        ],
        "coil4": [
            -0.010325618088245392,
            -0.01944631338119507,
            -0.08960738778114319
        ]
    },
    "HeadCoilCoordinateSystem": "ElektaNeuromag",
    "HeadCoilCoordinateUnits": "m",
    "AnatomicalLandmarkCoordinates": {
        "NAS": [
            -7.450580596923828e-09,
            0.09524989128112793,
            0.0
        ],
        "LPA": [
            -0.06654669344425201,
            2.9802322387695312e-08,
            -1.4901161193847656e-08
        ],
        "RPA": [
            0.07523470371961594,
            0.0,
            0.0
        ],
        "coil1": [
            0.10323342680931091,
            -0.03460100293159485,
            -0.01944664865732193
        ],
        "coil2": [
            0.07005777955055237,
            0.08284732699394226,
            0.030850164592266083
        ],
        "coil3": [
            -0.004574954975396395,
            0.10141152143478394,
            -0.01581411063671112
        ],
        "coil4": [
            -0.010325618088245392,
            -0.01944631338119507,
            -0.08960738778114319
        ]
    },
    "AnatomicalLandmarkCoordinateSystem": "ElektaNeuromag",
    "AnatomicalLandmarkCoordinateUnits": "m"
}
