{
    "MEGCoordinateSystem": "ElektaNeuromag",
    "MEGCoordinateUnits": "m",
    "MEGCoordinateSystemDescription": "RAS orientation and the origin between the ears",
    "HeadCoilCoordinates": {
        "NAS": [
            2.9265163625780133e-09,
            0.09201842546463013,
            1.4569535800035283e-08
        ],
        "LPA": [
            -0.060067545622587204,
            -1.4589611296855765e-08,
            -5.002529501751951e-09
        ],
        "RPA": [
            0.0659446194767952,
            -5.625890864280336e-09,
            -2.6231803396115083e-09
        ],
        "coil1": [
            0.06860031932592392,
            0.07424687594175339,
            0.07020020484924316
        ],
        "coil2": [
            0.07315892726182938,
            -0.040854357182979584,
            0.0858878493309021
        ],
        "coil3": [
            -0.08158116787672043,
            -0.0126027911901474,
            0.04464024305343628
        ],
        "coil4": [
            -0.06841279566287994,
            0.0748884379863739,
            0.029173865914344788
        ]
    },
    "HeadCoilCoordinateSystem": "ElektaNeuromag",
    "HeadCoilCoordinateUnits": "m",
    "AnatomicalLandmarkCoordinates": {
        "NAS": [
            2.9265163625780133e-09,
            0.09201842546463013,
            1.4569535800035283e-08
        ],
        "LPA": [
            -0.060067545622587204,
            -1.4589611296855765e-08,
            -5.002529501751951e-09
        ],
        "RPA": [
            0.0659446194767952,
            -5.625890864280336e-09,
            -2.6231803396115083e-09
        ],
        "coil1": [
            0.06860031932592392,
            0.07424687594175339,
            0.07020020484924316
        ],
        "coil2": [
            0.07315892726182938,
            -0.040854357182979584,
            0.0858878493309021
        ],
        "coil3": [
            -0.08158116787672043,
            -0.0126027911901474,
            0.04464024305343628
        ],
        "coil4": [
            -0.06841279566287994,
            0.0748884379863739,
            0.029173865914344788
        ]
    },
    "AnatomicalLandmarkCoordinateSystem": "ElektaNeuromag",
    "AnatomicalLandmarkCoordinateUnits": "m"
}
