{
    "MEGCoordinateSystem": "ElektaNeuromag",
    "MEGCoordinateUnits": "m",
    "MEGCoordinateSystemDescription": "RAS orientation and the origin between the ears",
    "HeadCoilCoordinates": {
        "NAS": [
            -9.313225746154785e-09,
            0.09068575501441956,
            1.4901161193847656e-08
        ],
        "LPA": [
            -0.06179368123412132,
            2.9802322387695312e-08,
            2.2351741790771484e-08
        ],
        "RPA": [
            0.06777802854776382,
            2.9802322387695312e-08,
            2.2351741790771484e-08
        ],
        "coil1": [
            0.059129513800144196,
            -0.036346644163131714,
            -0.007208294700831175
        ],
        "coil2": [
            0.06467553973197937,
            0.04979392886161804,
            0.03013378381729126
        ],
        "coil3": [
            -0.04067501425743103,
            0.09292992949485779,
            0.04433821886777878
        ],
        "coil4": [
            -0.05655158311128616,
            -0.034500882029533386,
            -0.0011126400204375386
        ]
    },
    "HeadCoilCoordinateSystem": "ElektaNeuromag",
    "HeadCoilCoordinateUnits": "m",
    "AnatomicalLandmarkCoordinates": {
        "NAS": [
            -9.313225746154785e-09,
            0.09068575501441956,
            1.4901161193847656e-08
        ],
        "LPA": [
            -0.06179368123412132,
            2.9802322387695312e-08,
            2.2351741790771484e-08
        ],
        "RPA": [
            0.06777802854776382,
            2.9802322387695312e-08,
            2.2351741790771484e-08
        ],
        "coil1": [
            0.059129513800144196,
            -0.036346644163131714,
            -0.007208294700831175
        ],
        "coil2": [
            0.06467553973197937,
            0.04979392886161804,
            0.03013378381729126
        ],
        "coil3": [
            -0.04067501425743103,
            0.09292992949485779,
            0.04433821886777878
        ],
        "coil4": [
            -0.05655158311128616,
            -0.034500882029533386,
            -0.0011126400204375386
        ]
    },
    "AnatomicalLandmarkCoordinateSystem": "ElektaNeuromag",
    "AnatomicalLandmarkCoordinateUnits": "m"
}
