{
    "MEGCoordinateSystem": "ElektaNeuromag",
    "MEGCoordinateUnits": "m",
    "MEGCoordinateSystemDescription": "RAS orientation and the origin between the ears",
    "HeadCoilCoordinates": {
        "NAS": [
            2.2351741790771484e-08,
            0.0910223126411438,
            0.0
        ],
        "LPA": [
            -0.06755562126636505,
            -2.9802322387695312e-08,
            -7.450580596923828e-09
        ],
        "RPA": [
            0.07493145018815994,
            0.0,
            0.0
        ],
        "coil1": [
            0.07629045844078064,
            0.07605502009391785,
            0.07101459056138992
        ],
        "coil2": [
            0.08588983118534088,
            -0.040045782923698425,
            0.08357228338718414
        ],
        "coil3": [
            -0.084271140396595,
            -0.010501384735107422,
            0.05502435564994812
        ],
        "coil4": [
            -0.06637636572122574,
            0.07744067907333374,
            0.03638288378715515
        ]
    },
    "HeadCoilCoordinateSystem": "ElektaNeuromag",
    "HeadCoilCoordinateUnits": "m",
    "AnatomicalLandmarkCoordinates": {
        "NAS": [
            2.2351741790771484e-08,
            0.0910223126411438,
            0.0
        ],
        "LPA": [
            -0.06755562126636505,
            -2.9802322387695312e-08,
            -7.450580596923828e-09
        ],
        "RPA": [
            0.07493145018815994,
            0.0,
            0.0
        ],
        "coil1": [
            0.07629045844078064,
            0.07605502009391785,
            0.07101459056138992
        ],
        "coil2": [
            0.08588983118534088,
            -0.040045782923698425,
            0.08357228338718414
        ],
        "coil3": [
            -0.084271140396595,
            -0.010501384735107422,
            0.05502435564994812
        ],
        "coil4": [
            -0.06637636572122574,
            0.07744067907333374,
            0.03638288378715515
        ]
    },
    "AnatomicalLandmarkCoordinateSystem": "ElektaNeuromag",
    "AnatomicalLandmarkCoordinateUnits": "m"
}
