{
    "MEGCoordinateSystem": "ElektaNeuromag",
    "MEGCoordinateUnits": "m",
    "MEGCoordinateSystemDescription": "RAS orientation and the origin between the ears",
    "HeadCoilCoordinates": {
        "NAS": [
            -7.450580596923828e-09,
            0.09603703022003174,
            -7.450580596923828e-09
        ],
        "LPA": [
            -0.0667036846280098,
            2.9802322387695312e-08,
            3.725290298461914e-09
        ],
        "RPA": [
            0.06196769326925278,
            0.0,
            3.725290298461914e-09
        ],
        "coil1": [
            -0.06735138595104218,
            -0.03587469458580017,
            0.008393906056880951
        ],
        "coil2": [
            -0.02433839626610279,
            0.10964778065681458,
            0.028057292103767395
        ],
        "coil3": [
            0.03597872331738472,
            0.09877079725265503,
            0.06484952569007874
        ],
        "coil4": [
            0.0588931068778038,
            -0.027212202548980713,
            -0.004966896027326584
        ]
    },
    "HeadCoilCoordinateSystem": "ElektaNeuromag",
    "HeadCoilCoordinateUnits": "m",
    "AnatomicalLandmarkCoordinates": {
        "NAS": [
            -7.450580596923828e-09,
            0.09603703022003174,
            -7.450580596923828e-09
        ],
        "LPA": [
            -0.0667036846280098,
            2.9802322387695312e-08,
            3.725290298461914e-09
        ],
        "RPA": [
            0.06196769326925278,
            0.0,
            3.725290298461914e-09
        ],
        "coil1": [
            -0.06735138595104218,
            -0.03587469458580017,
            0.008393906056880951
        ],
        "coil2": [
            -0.02433839626610279,
            0.10964778065681458,
            0.028057292103767395
        ],
        "coil3": [
            0.03597872331738472,
            0.09877079725265503,
            0.06484952569007874
        ],
        "coil4": [
            0.0588931068778038,
            -0.027212202548980713,
            -0.004966896027326584
        ]
    },
    "AnatomicalLandmarkCoordinateSystem": "ElektaNeuromag",
    "AnatomicalLandmarkCoordinateUnits": "m"
}
