{
    "MEGCoordinateSystem": "ElektaNeuromag",
    "MEGCoordinateUnits": "m",
    "MEGCoordinateSystemDescription": "RAS orientation and the origin between the ears",
    "HeadCoilCoordinates": {
        "NAS": [
            -3.725290298461914e-09,
            0.10010263323783875,
            -1.862645149230957e-08
        ],
        "LPA": [
            -0.06853097677230835,
            0.0,
            -4.842877388000488e-08
        ],
        "RPA": [
            0.0789191946387291,
            0.0,
            -3.725290298461914e-08
        ],
        "coil1": [
            0.04625390097498894,
            0.090900719165802,
            0.048955246806144714
        ],
        "coil2": [
            0.07776974886655807,
            -0.03190666437149048,
            0.01282326877117157
        ],
        "coil3": [
            -0.07149593532085419,
            -0.028940945863723755,
            0.012797453440725803
        ],
        "coil4": [
            -0.0268296767026186,
            0.09640046954154968,
            0.047032490372657776
        ]
    },
    "HeadCoilCoordinateSystem": "ElektaNeuromag",
    "HeadCoilCoordinateUnits": "m",
    "AnatomicalLandmarkCoordinates": {
        "NAS": [
            -3.725290298461914e-09,
            0.10010263323783875,
            -1.862645149230957e-08
        ],
        "LPA": [
            -0.06853097677230835,
            0.0,
            -4.842877388000488e-08
        ],
        "RPA": [
            0.0789191946387291,
            0.0,
            -3.725290298461914e-08
        ],
        "coil1": [
            0.04625390097498894,
            0.090900719165802,
            0.048955246806144714
        ],
        "coil2": [
            0.07776974886655807,
            -0.03190666437149048,
            0.01282326877117157
        ],
        "coil3": [
            -0.07149593532085419,
            -0.028940945863723755,
            0.012797453440725803
        ],
        "coil4": [
            -0.0268296767026186,
            0.09640046954154968,
            0.047032490372657776
        ]
    },
    "AnatomicalLandmarkCoordinateSystem": "ElektaNeuromag",
    "AnatomicalLandmarkCoordinateUnits": "m"
}
