{
    "MEGCoordinateSystem": "ElektaNeuromag",
    "MEGCoordinateUnits": "m",
    "MEGCoordinateSystemDescription": "RAS orientation and the origin between the ears",
    "HeadCoilCoordinates": {
        "NAS": [
            7.450580596923828e-09,
            0.0941334068775177,
            9.313225746154785e-10
        ],
        "LPA": [
            -0.06256193667650223,
            -5.960464477539063e-08,
            9.313225746154785e-10
        ],
        "RPA": [
            0.0667867437005043,
            -5.960464477539063e-08,
            -9.313225746154785e-10
        ],
        "coil1": [
            -0.05498001351952553,
            -0.03724202513694763,
            -0.003970881924033165
        ],
        "coil2": [
            -0.029762180522084236,
            0.10391172766685486,
            0.03565722331404686
        ],
        "coil3": [
            0.027385886758565903,
            0.10259467363357544,
            0.0533820241689682
        ],
        "coil4": [
            0.059792742133140564,
            -0.03142362833023071,
            -0.008210500702261925
        ]
    },
    "HeadCoilCoordinateSystem": "ElektaNeuromag",
    "HeadCoilCoordinateUnits": "m",
    "AnatomicalLandmarkCoordinates": {
        "NAS": [
            7.450580596923828e-09,
            0.0941334068775177,
            9.313225746154785e-10
        ],
        "LPA": [
            -0.06256193667650223,
            -5.960464477539063e-08,
            9.313225746154785e-10
        ],
        "RPA": [
            0.0667867437005043,
            -5.960464477539063e-08,
            -9.313225746154785e-10
        ],
        "coil1": [
            -0.05498001351952553,
            -0.03724202513694763,
            -0.003970881924033165
        ],
        "coil2": [
            -0.029762180522084236,
            0.10391172766685486,
            0.03565722331404686
        ],
        "coil3": [
            0.027385886758565903,
            0.10259467363357544,
            0.0533820241689682
        ],
        "coil4": [
            0.059792742133140564,
            -0.03142362833023071,
            -0.008210500702261925
        ]
    },
    "AnatomicalLandmarkCoordinateSystem": "ElektaNeuromag",
    "AnatomicalLandmarkCoordinateUnits": "m"
}
