{
    "MEGCoordinateSystem": "ElektaNeuromag",
    "MEGCoordinateUnits": "m",
    "MEGCoordinateSystemDescription": "RAS orientation and the origin between the ears",
    "HeadCoilCoordinates": {
        "NAS": [
            4.6566128730773926e-09,
            0.09688575565814972,
            -2.60770320892334e-08
        ],
        "LPA": [
            -0.06127534061670303,
            1.4901161193847656e-08,
            -5.587935447692871e-08
        ],
        "RPA": [
            0.06183365359902382,
            1.4901161193847656e-08,
            -3.3527612686157227e-08
        ],
        "coil1": [
            -0.028372984379529953,
            0.08510330319404602,
            0.0670139491558075
        ],
        "coil2": [
            -0.06135394424200058,
            -0.026552200317382812,
            -0.003822741098701954
        ],
        "coil3": [
            0.05848725140094757,
            -0.03236640989780426,
            -0.006008268799632788
        ],
        "coil4": [
            0.040304847061634064,
            0.07794372737407684,
            0.07020840793848038
        ]
    },
    "HeadCoilCoordinateSystem": "ElektaNeuromag",
    "HeadCoilCoordinateUnits": "m",
    "AnatomicalLandmarkCoordinates": {
        "NAS": [
            4.6566128730773926e-09,
            0.09688575565814972,
            -2.60770320892334e-08
        ],
        "LPA": [
            -0.06127534061670303,
            1.4901161193847656e-08,
            -5.587935447692871e-08
        ],
        "RPA": [
            0.06183365359902382,
            1.4901161193847656e-08,
            -3.3527612686157227e-08
        ],
        "coil1": [
            -0.028372984379529953,
            0.08510330319404602,
            0.0670139491558075
        ],
        "coil2": [
            -0.06135394424200058,
            -0.026552200317382812,
            -0.003822741098701954
        ],
        "coil3": [
            0.05848725140094757,
            -0.03236640989780426,
            -0.006008268799632788
        ],
        "coil4": [
            0.040304847061634064,
            0.07794372737407684,
            0.07020840793848038
        ]
    },
    "AnatomicalLandmarkCoordinateSystem": "ElektaNeuromag",
    "AnatomicalLandmarkCoordinateUnits": "m"
}
