{
    "MEGCoordinateSystem": "ElektaNeuromag",
    "MEGCoordinateUnits": "m",
    "MEGCoordinateSystemDescription": "RAS orientation and the origin between the ears",
    "HeadCoilCoordinates": {
        "NAS": [
            4.521569785254087e-09,
            0.09694454073905945,
            1.1520649323415455e-08
        ],
        "LPA": [
            -0.07212981581687927,
            -3.8111522826511646e-08,
            1.9431780629020068e-09
        ],
        "RPA": [
            0.07638301700353622,
            1.0762846613943111e-08,
            2.6026043542515254e-09
        ],
        "coil1": [
            0.07641647011041641,
            -0.07092273235321045,
            0.06301108002662659
        ],
        "coil2": [
            0.07204147428274155,
            0.044621944427490234,
            0.09672076255083084
        ],
        "coil3": [
            -0.07142514735460281,
            0.06426462531089783,
            0.060421399772167206
        ],
        "coil4": [
            -0.08822944015264511,
            -0.022727012634277344,
            0.03990103676915169
        ]
    },
    "HeadCoilCoordinateSystem": "ElektaNeuromag",
    "HeadCoilCoordinateUnits": "m",
    "AnatomicalLandmarkCoordinates": {
        "NAS": [
            4.521569785254087e-09,
            0.09694454073905945,
            1.1520649323415455e-08
        ],
        "LPA": [
            -0.07212981581687927,
            -3.8111522826511646e-08,
            1.9431780629020068e-09
        ],
        "RPA": [
            0.07638301700353622,
            1.0762846613943111e-08,
            2.6026043542515254e-09
        ],
        "coil1": [
            0.07641647011041641,
            -0.07092273235321045,
            0.06301108002662659
        ],
        "coil2": [
            0.07204147428274155,
            0.044621944427490234,
            0.09672076255083084
        ],
        "coil3": [
            -0.07142514735460281,
            0.06426462531089783,
            0.060421399772167206
        ],
        "coil4": [
            -0.08822944015264511,
            -0.022727012634277344,
            0.03990103676915169
        ]
    },
    "AnatomicalLandmarkCoordinateSystem": "ElektaNeuromag",
    "AnatomicalLandmarkCoordinateUnits": "m"
}
