{
    "MEGCoordinateSystem": "ElektaNeuromag",
    "MEGCoordinateUnits": "m",
    "MEGCoordinateSystemDescription": "RAS orientation and the origin between the ears",
    "HeadCoilCoordinates": {
        "NAS": [
            -3.725290298461914e-09,
            0.07704311609268188,
            7.450580596923828e-09
        ],
        "LPA": [
            -0.059557076543569565,
            -2.9802322387695312e-08,
            3.725290298461914e-09
        ],
        "RPA": [
            0.059067241847515106,
            -2.9802322387695312e-08,
            3.725290298461914e-09
        ],
        "coil1": [
            0.0548459030687809,
            -0.029983744025230408,
            -0.01218137051910162
        ],
        "coil2": [
            0.012420643121004105,
            0.08626320958137512,
            0.04272479563951492
        ],
        "coil3": [
            -0.04719141125679016,
            0.0754808783531189,
            0.030152104794979095
        ],
        "coil4": [
            -0.05434957519173622,
            -0.0448906272649765,
            -0.00889332965016365
        ]
    },
    "HeadCoilCoordinateSystem": "ElektaNeuromag",
    "HeadCoilCoordinateUnits": "m",
    "AnatomicalLandmarkCoordinates": {
        "NAS": [
            -3.725290298461914e-09,
            0.07704311609268188,
            7.450580596923828e-09
        ],
        "LPA": [
            -0.059557076543569565,
            -2.9802322387695312e-08,
            3.725290298461914e-09
        ],
        "RPA": [
            0.059067241847515106,
            -2.9802322387695312e-08,
            3.725290298461914e-09
        ],
        "coil1": [
            0.0548459030687809,
            -0.029983744025230408,
            -0.01218137051910162
        ],
        "coil2": [
            0.012420643121004105,
            0.08626320958137512,
            0.04272479563951492
        ],
        "coil3": [
            -0.04719141125679016,
            0.0754808783531189,
            0.030152104794979095
        ],
        "coil4": [
            -0.05434957519173622,
            -0.0448906272649765,
            -0.00889332965016365
        ]
    },
    "AnatomicalLandmarkCoordinateSystem": "ElektaNeuromag",
    "AnatomicalLandmarkCoordinateUnits": "m"
}
