{
    "MEGCoordinateSystem": "ElektaNeuromag",
    "MEGCoordinateUnits": "m",
    "MEGCoordinateSystemDescription": "RAS orientation and the origin between the ears",
    "HeadCoilCoordinates": {
        "NAS": [
            -3.725290298461914e-09,
            0.09642593562602997,
            -1.1175870895385742e-08
        ],
        "LPA": [
            -0.04708735644817352,
            2.9802322387695312e-08,
            -3.725290298461914e-09
        ],
        "RPA": [
            0.07214724272489548,
            4.470348358154297e-08,
            -1.862645149230957e-08
        ],
        "coil1": [
            0.07199856638908386,
            -0.018721804022789,
            0.11635112017393112
        ],
        "coil2": [
            0.056445274502038956,
            0.09677781164646149,
            0.08679532259702682
        ],
        "coil3": [
            -0.0744875818490982,
            -0.006403415929526091,
            0.04432877525687218
        ],
        "coil4": [
            -0.06388407200574875,
            0.08025094866752625,
            0.022500693798065186
        ]
    },
    "HeadCoilCoordinateSystem": "ElektaNeuromag",
    "HeadCoilCoordinateUnits": "m",
    "AnatomicalLandmarkCoordinates": {
        "NAS": [
            -3.725290298461914e-09,
            0.09642593562602997,
            -1.1175870895385742e-08
        ],
        "LPA": [
            -0.04708735644817352,
            2.9802322387695312e-08,
            -3.725290298461914e-09
        ],
        "RPA": [
            0.07214724272489548,
            4.470348358154297e-08,
            -1.862645149230957e-08
        ],
        "coil1": [
            0.07199856638908386,
            -0.018721804022789,
            0.11635112017393112
        ],
        "coil2": [
            0.056445274502038956,
            0.09677781164646149,
            0.08679532259702682
        ],
        "coil3": [
            -0.0744875818490982,
            -0.006403415929526091,
            0.04432877525687218
        ],
        "coil4": [
            -0.06388407200574875,
            0.08025094866752625,
            0.022500693798065186
        ]
    },
    "AnatomicalLandmarkCoordinateSystem": "ElektaNeuromag",
    "AnatomicalLandmarkCoordinateUnits": "m"
}
