{
    "MEGCoordinateSystem": "ElektaNeuromag",
    "MEGCoordinateUnits": "m",
    "MEGCoordinateSystemDescription": "RAS orientation and the origin between the ears",
    "HeadCoilCoordinates": {
        "NAS": [
            -5.587935447692871e-09,
            0.08789998292922974,
            -7.450580596923828e-09
        ],
        "LPA": [
            -0.061520837247371674,
            -5.960464477539063e-08,
            -7.450580596923828e-09
        ],
        "RPA": [
            0.0643269270658493,
            0.0,
            -1.4901161193847656e-08
        ],
        "coil1": [
            0.0670940950512886,
            -0.03206685185432434,
            0.01620154269039631
        ],
        "coil2": [
            0.03584497421979904,
            0.08569729328155518,
            0.03317027539014816
        ],
        "coil3": [
            -0.027993131428956985,
            0.08998516201972961,
            0.0457640215754509
        ],
        "coil4": [
            -0.06215563789010048,
            -0.03223252668976784,
            0.0036567379720509052
        ]
    },
    "HeadCoilCoordinateSystem": "ElektaNeuromag",
    "HeadCoilCoordinateUnits": "m",
    "AnatomicalLandmarkCoordinates": {
        "NAS": [
            -5.587935447692871e-09,
            0.08789998292922974,
            -7.450580596923828e-09
        ],
        "LPA": [
            -0.061520837247371674,
            -5.960464477539063e-08,
            -7.450580596923828e-09
        ],
        "RPA": [
            0.0643269270658493,
            0.0,
            -1.4901161193847656e-08
        ],
        "coil1": [
            0.0670940950512886,
            -0.03206685185432434,
            0.01620154269039631
        ],
        "coil2": [
            0.03584497421979904,
            0.08569729328155518,
            0.03317027539014816
        ],
        "coil3": [
            -0.027993131428956985,
            0.08998516201972961,
            0.0457640215754509
        ],
        "coil4": [
            -0.06215563789010048,
            -0.03223252668976784,
            0.0036567379720509052
        ]
    },
    "AnatomicalLandmarkCoordinateSystem": "ElektaNeuromag",
    "AnatomicalLandmarkCoordinateUnits": "m"
}
