{
    "MEGCoordinateSystem": "ElektaNeuromag",
    "MEGCoordinateUnits": "m",
    "MEGCoordinateSystemDescription": "RAS orientation and the origin between the ears",
    "HeadCoilCoordinates": {
        "NAS": [
            0.0,
            0.09084582328796387,
            -4.656612873077393e-10
        ],
        "LPA": [
            -0.07153043150901794,
            0.0,
            -9.313225746154785e-10
        ],
        "RPA": [
            0.07184547185897827,
            0.0,
            -4.656612873077393e-10
        ],
        "coil1": [
            0.07234172523021698,
            -0.038467347621917725,
            0.0017402609810233116
        ],
        "coil2": [
            0.04564638063311577,
            0.07426759600639343,
            0.07641226053237915
        ],
        "coil3": [
            -0.043279800564050674,
            0.0783778727054596,
            0.05490336939692497
        ],
        "coil4": [
            -0.07046358287334442,
            -0.04290771484375,
            0.005553000140935183
        ]
    },
    "HeadCoilCoordinateSystem": "ElektaNeuromag",
    "HeadCoilCoordinateUnits": "m",
    "AnatomicalLandmarkCoordinates": {
        "NAS": [
            0.0,
            0.09084582328796387,
            -4.656612873077393e-10
        ],
        "LPA": [
            -0.07153043150901794,
            0.0,
            -9.313225746154785e-10
        ],
        "RPA": [
            0.07184547185897827,
            0.0,
            -4.656612873077393e-10
        ],
        "coil1": [
            0.07234172523021698,
            -0.038467347621917725,
            0.0017402609810233116
        ],
        "coil2": [
            0.04564638063311577,
            0.07426759600639343,
            0.07641226053237915
        ],
        "coil3": [
            -0.043279800564050674,
            0.0783778727054596,
            0.05490336939692497
        ],
        "coil4": [
            -0.07046358287334442,
            -0.04290771484375,
            0.005553000140935183
        ]
    },
    "AnatomicalLandmarkCoordinateSystem": "ElektaNeuromag",
    "AnatomicalLandmarkCoordinateUnits": "m"
}
