{
    "MEGCoordinateSystem": "ElektaNeuromag",
    "MEGCoordinateUnits": "m",
    "MEGCoordinateSystemDescription": "RAS orientation and the origin between the ears",
    "HeadCoilCoordinates": {
        "NAS": [
            1.0244548320770264e-08,
            0.09787628054618835,
            3.725290298461914e-09
        ],
        "LPA": [
            -0.07375233620405197,
            0.0,
            3.725290298461914e-09
        ],
        "RPA": [
            0.07705667614936829,
            2.9802322387695312e-08,
            0.0
        ],
        "coil1": [
            -0.06815281510353088,
            -0.03129088878631592,
            -0.016989286988973618
        ],
        "coil2": [
            -0.034422971308231354,
            0.10137113928794861,
            0.051405347883701324
        ],
        "coil3": [
            0.04639337956905365,
            0.09576207399368286,
            0.063205286860466
        ],
        "coil4": [
            0.06758125126361847,
            -0.034855157136917114,
            -0.017236996442079544
        ]
    },
    "HeadCoilCoordinateSystem": "ElektaNeuromag",
    "HeadCoilCoordinateUnits": "m",
    "AnatomicalLandmarkCoordinates": {
        "NAS": [
            1.0244548320770264e-08,
            0.09787628054618835,
            3.725290298461914e-09
        ],
        "LPA": [
            -0.07375233620405197,
            0.0,
            3.725290298461914e-09
        ],
        "RPA": [
            0.07705667614936829,
            2.9802322387695312e-08,
            0.0
        ],
        "coil1": [
            -0.06815281510353088,
            -0.03129088878631592,
            -0.016989286988973618
        ],
        "coil2": [
            -0.034422971308231354,
            0.10137113928794861,
            0.051405347883701324
        ],
        "coil3": [
            0.04639337956905365,
            0.09576207399368286,
            0.063205286860466
        ],
        "coil4": [
            0.06758125126361847,
            -0.034855157136917114,
            -0.017236996442079544
        ]
    },
    "AnatomicalLandmarkCoordinateSystem": "ElektaNeuromag",
    "AnatomicalLandmarkCoordinateUnits": "m"
}
