{
    "MEGCoordinateSystem": "ElektaNeuromag",
    "MEGCoordinateUnits": "m",
    "MEGCoordinateSystemDescription": "RAS orientation and the origin between the ears",
    "HeadCoilCoordinates": {
        "NAS": [
            -1.1175870895385742e-08,
            0.07873576879501343,
            0.0
        ],
        "LPA": [
            -0.04840494319796562,
            2.9802322387695312e-08,
            6.51925802230835e-09
        ],
        "RPA": [
            0.07892536371946335,
            0.0,
            1.30385160446167e-08
        ],
        "coil1": [
            -0.047214046120643616,
            -0.032795339822769165,
            0.0003925380005966872
        ],
        "coil2": [
            -0.021563421934843063,
            0.08362177014350891,
            0.029633253812789917
        ],
        "coil3": [
            0.026482097804546356,
            0.09677359461784363,
            0.0436553880572319
        ],
        "coil4": [
            0.0760045200586319,
            -0.03313101828098297,
            -0.006441934034228325
        ]
    },
    "HeadCoilCoordinateSystem": "ElektaNeuromag",
    "HeadCoilCoordinateUnits": "m",
    "AnatomicalLandmarkCoordinates": {
        "NAS": [
            -1.1175870895385742e-08,
            0.07873576879501343,
            0.0
        ],
        "LPA": [
            -0.04840494319796562,
            2.9802322387695312e-08,
            6.51925802230835e-09
        ],
        "RPA": [
            0.07892536371946335,
            0.0,
            1.30385160446167e-08
        ],
        "coil1": [
            -0.047214046120643616,
            -0.032795339822769165,
            0.0003925380005966872
        ],
        "coil2": [
            -0.021563421934843063,
            0.08362177014350891,
            0.029633253812789917
        ],
        "coil3": [
            0.026482097804546356,
            0.09677359461784363,
            0.0436553880572319
        ],
        "coil4": [
            0.0760045200586319,
            -0.03313101828098297,
            -0.006441934034228325
        ]
    },
    "AnatomicalLandmarkCoordinateSystem": "ElektaNeuromag",
    "AnatomicalLandmarkCoordinateUnits": "m"
}
