{
    "MEGCoordinateSystem": "ElektaNeuromag",
    "MEGCoordinateUnits": "m",
    "MEGCoordinateSystemDescription": "RAS orientation and the origin between the ears",
    "HeadCoilCoordinates": {
        "NAS": [
            3.8374743382973975e-09,
            0.10208076238632202,
            -1.502380087003985e-08
        ],
        "LPA": [
            -0.06572683900594711,
            6.8219989657336555e-09,
            -4.792731544966955e-09
        ],
        "RPA": [
            0.07189157605171204,
            7.726036699295946e-09,
            -6.326139612156112e-09
        ],
        "coil1": [
            0.08346244692802429,
            -0.04485328495502472,
            0.06806398928165436
        ],
        "coil2": [
            0.05937996879220009,
            0.0651567280292511,
            0.10606826096773148
        ],
        "coil3": [
            -0.07795670628547668,
            -0.030532434582710266,
            0.035764217376708984
        ],
        "coil4": [
            -0.07570816576480865,
            0.05633923411369324,
            0.05706596374511719
        ]
    },
    "HeadCoilCoordinateSystem": "ElektaNeuromag",
    "HeadCoilCoordinateUnits": "m",
    "AnatomicalLandmarkCoordinates": {
        "NAS": [
            3.8374743382973975e-09,
            0.10208076238632202,
            -1.502380087003985e-08
        ],
        "LPA": [
            -0.06572683900594711,
            6.8219989657336555e-09,
            -4.792731544966955e-09
        ],
        "RPA": [
            0.07189157605171204,
            7.726036699295946e-09,
            -6.326139612156112e-09
        ],
        "coil1": [
            0.08346244692802429,
            -0.04485328495502472,
            0.06806398928165436
        ],
        "coil2": [
            0.05937996879220009,
            0.0651567280292511,
            0.10606826096773148
        ],
        "coil3": [
            -0.07795670628547668,
            -0.030532434582710266,
            0.035764217376708984
        ],
        "coil4": [
            -0.07570816576480865,
            0.05633923411369324,
            0.05706596374511719
        ]
    },
    "AnatomicalLandmarkCoordinateSystem": "ElektaNeuromag",
    "AnatomicalLandmarkCoordinateUnits": "m"
}
