{
    "MEGCoordinateSystem": "ElektaNeuromag",
    "MEGCoordinateUnits": "m",
    "MEGCoordinateSystemDescription": "RAS orientation and the origin between the ears",
    "HeadCoilCoordinates": {
        "NAS": [
            -9.313225746154785e-09,
            0.09170670807361603,
            1.4901161193847656e-08
        ],
        "LPA": [
            -0.06384536623954773,
            0.0,
            0.0
        ],
        "RPA": [
            0.06068161875009537,
            -1.4901161193847656e-08,
            1.4901161193847656e-08
        ],
        "coil1": [
            0.06092856451869011,
            0.05857744812965393,
            0.0837974101305008
        ],
        "coil2": [
            0.05544580519199371,
            -0.057844847440719604,
            0.08621551096439362
        ],
        "coil3": [
            -0.06421955674886703,
            0.07915432751178741,
            0.03200355917215347
        ],
        "coil4": [
            -0.08650974184274673,
            -0.004037172067910433,
            0.03274455666542053
        ]
    },
    "HeadCoilCoordinateSystem": "ElektaNeuromag",
    "HeadCoilCoordinateUnits": "m",
    "AnatomicalLandmarkCoordinates": {
        "NAS": [
            -9.313225746154785e-09,
            0.09170670807361603,
            1.4901161193847656e-08
        ],
        "LPA": [
            -0.06384536623954773,
            0.0,
            0.0
        ],
        "RPA": [
            0.06068161875009537,
            -1.4901161193847656e-08,
            1.4901161193847656e-08
        ],
        "coil1": [
            0.06092856451869011,
            0.05857744812965393,
            0.0837974101305008
        ],
        "coil2": [
            0.05544580519199371,
            -0.057844847440719604,
            0.08621551096439362
        ],
        "coil3": [
            -0.06421955674886703,
            0.07915432751178741,
            0.03200355917215347
        ],
        "coil4": [
            -0.08650974184274673,
            -0.004037172067910433,
            0.03274455666542053
        ]
    },
    "AnatomicalLandmarkCoordinateSystem": "ElektaNeuromag",
    "AnatomicalLandmarkCoordinateUnits": "m"
}
