{
    "MEGCoordinateSystem": "ElektaNeuromag",
    "MEGCoordinateUnits": "m",
    "MEGCoordinateSystemDescription": "RAS orientation and the origin between the ears",
    "HeadCoilCoordinates": {
        "NAS": [
            0.0,
            0.08782878518104553,
            2.9802322387695312e-08
        ],
        "LPA": [
            -0.05849443003535271,
            2.9802322387695312e-08,
            1.1175870895385742e-08
        ],
        "RPA": [
            0.06117315590381622,
            2.9802322387695312e-08,
            3.725290298461914e-09
        ],
        "coil1": [
            0.061429575085639954,
            -0.03216332197189331,
            -0.004619066137820482
        ],
        "coil2": [
            0.03890721872448921,
            0.07966223359107971,
            0.05139583349227905
        ],
        "coil3": [
            -0.02096240222454071,
            0.08923414349555969,
            0.05860363692045212
        ],
        "coil4": [
            -0.06084400787949562,
            -0.03149387240409851,
            0.00821792334318161
        ]
    },
    "HeadCoilCoordinateSystem": "ElektaNeuromag",
    "HeadCoilCoordinateUnits": "m",
    "AnatomicalLandmarkCoordinates": {
        "NAS": [
            0.0,
            0.08782878518104553,
            2.9802322387695312e-08
        ],
        "LPA": [
            -0.05849443003535271,
            2.9802322387695312e-08,
            1.1175870895385742e-08
        ],
        "RPA": [
            0.06117315590381622,
            2.9802322387695312e-08,
            3.725290298461914e-09
        ],
        "coil1": [
            0.061429575085639954,
            -0.03216332197189331,
            -0.004619066137820482
        ],
        "coil2": [
            0.03890721872448921,
            0.07966223359107971,
            0.05139583349227905
        ],
        "coil3": [
            -0.02096240222454071,
            0.08923414349555969,
            0.05860363692045212
        ],
        "coil4": [
            -0.06084400787949562,
            -0.03149387240409851,
            0.00821792334318161
        ]
    },
    "AnatomicalLandmarkCoordinateSystem": "ElektaNeuromag",
    "AnatomicalLandmarkCoordinateUnits": "m"
}
