{
    "MEGCoordinateSystem": "ElektaNeuromag",
    "MEGCoordinateUnits": "m",
    "MEGCoordinateSystemDescription": "RAS orientation and the origin between the ears",
    "HeadCoilCoordinates": {
        "NAS": [
            -9.313225746154785e-10,
            0.10015858709812164,
            0.0
        ],
        "LPA": [
            -0.06563329696655273,
            1.4901161193847656e-08,
            -2.2351741790771484e-08
        ],
        "RPA": [
            0.07097128033638,
            0.0,
            -1.4901161193847656e-08
        ],
        "coil1": [
            0.051075369119644165,
            0.09410358965396881,
            0.04264124855399132
        ],
        "coil2": [
            0.0713968500494957,
            -0.03162238001823425,
            0.011539191007614136
        ],
        "coil3": [
            -0.06562011688947678,
            -0.030477508902549744,
            0.01000895444303751
        ],
        "coil4": [
            -0.03139568865299225,
            0.1044536679983139,
            0.046572327613830566
        ]
    },
    "HeadCoilCoordinateSystem": "ElektaNeuromag",
    "HeadCoilCoordinateUnits": "m",
    "AnatomicalLandmarkCoordinates": {
        "NAS": [
            -9.313225746154785e-10,
            0.10015858709812164,
            0.0
        ],
        "LPA": [
            -0.06563329696655273,
            1.4901161193847656e-08,
            -2.2351741790771484e-08
        ],
        "RPA": [
            0.07097128033638,
            0.0,
            -1.4901161193847656e-08
        ],
        "coil1": [
            0.051075369119644165,
            0.09410358965396881,
            0.04264124855399132
        ],
        "coil2": [
            0.0713968500494957,
            -0.03162238001823425,
            0.011539191007614136
        ],
        "coil3": [
            -0.06562011688947678,
            -0.030477508902549744,
            0.01000895444303751
        ],
        "coil4": [
            -0.03139568865299225,
            0.1044536679983139,
            0.046572327613830566
        ]
    },
    "AnatomicalLandmarkCoordinateSystem": "ElektaNeuromag",
    "AnatomicalLandmarkCoordinateUnits": "m"
}
