{
    "MEGCoordinateSystem": "ElektaNeuromag",
    "MEGCoordinateUnits": "m",
    "MEGCoordinateSystemDescription": "RAS orientation and the origin between the ears",
    "HeadCoilCoordinates": {
        "NAS": [
            -1.862645149230957e-09,
            0.09582464396953583,
            7.450580596923828e-09
        ],
        "LPA": [
            -0.06402561068534851,
            2.9802322387695312e-08,
            -2.9802322387695312e-08
        ],
        "RPA": [
            0.06582649052143097,
            1.4901161193847656e-08,
            -2.9802322387695312e-08
        ],
        "coil1": [
            0.06953352689743042,
            -0.049424126744270325,
            0.08538207411766052
        ],
        "coil2": [
            0.06557317823171616,
            0.06546437740325928,
            0.09260425716638565
        ],
        "coil3": [
            -0.08347102254629135,
            -0.013766974210739136,
            0.04407190904021263
        ],
        "coil4": [
            -0.07044544816017151,
            0.06808437407016754,
            0.046011991798877716
        ]
    },
    "HeadCoilCoordinateSystem": "ElektaNeuromag",
    "HeadCoilCoordinateUnits": "m",
    "AnatomicalLandmarkCoordinates": {
        "NAS": [
            -1.862645149230957e-09,
            0.09582464396953583,
            7.450580596923828e-09
        ],
        "LPA": [
            -0.06402561068534851,
            2.9802322387695312e-08,
            -2.9802322387695312e-08
        ],
        "RPA": [
            0.06582649052143097,
            1.4901161193847656e-08,
            -2.9802322387695312e-08
        ],
        "coil1": [
            0.06953352689743042,
            -0.049424126744270325,
            0.08538207411766052
        ],
        "coil2": [
            0.06557317823171616,
            0.06546437740325928,
            0.09260425716638565
        ],
        "coil3": [
            -0.08347102254629135,
            -0.013766974210739136,
            0.04407190904021263
        ],
        "coil4": [
            -0.07044544816017151,
            0.06808437407016754,
            0.046011991798877716
        ]
    },
    "AnatomicalLandmarkCoordinateSystem": "ElektaNeuromag",
    "AnatomicalLandmarkCoordinateUnits": "m"
}
