{
    "MEGCoordinateSystem": "ElektaNeuromag",
    "MEGCoordinateUnits": "m",
    "MEGCoordinateSystemDescription": "RAS orientation and the origin between the ears",
    "HeadCoilCoordinates": {
        "NAS": [
            0.0,
            0.09398135542869568,
            -1.4901161193847656e-08
        ],
        "LPA": [
            -0.062242358922958374,
            0.0,
            7.450580596923828e-09
        ],
        "RPA": [
            0.06961941719055176,
            0.0,
            1.4901161193847656e-08
        ],
        "coil1": [
            0.06588651239871979,
            -0.015477374196052551,
            -0.027606971561908722
        ],
        "coil2": [
            0.025491822510957718,
            0.0901118740439415,
            0.07334135472774506
        ],
        "coil3": [
            -0.026221098378300667,
            0.09616190195083618,
            0.0524907112121582
        ],
        "coil4": [
            -0.053188346326351166,
            -0.013948618434369564,
            -0.022569440305233
        ]
    },
    "HeadCoilCoordinateSystem": "ElektaNeuromag",
    "HeadCoilCoordinateUnits": "m",
    "AnatomicalLandmarkCoordinates": {
        "NAS": [
            0.0,
            0.09398135542869568,
            -1.4901161193847656e-08
        ],
        "LPA": [
            -0.062242358922958374,
            0.0,
            7.450580596923828e-09
        ],
        "RPA": [
            0.06961941719055176,
            0.0,
            1.4901161193847656e-08
        ],
        "coil1": [
            0.06588651239871979,
            -0.015477374196052551,
            -0.027606971561908722
        ],
        "coil2": [
            0.025491822510957718,
            0.0901118740439415,
            0.07334135472774506
        ],
        "coil3": [
            -0.026221098378300667,
            0.09616190195083618,
            0.0524907112121582
        ],
        "coil4": [
            -0.053188346326351166,
            -0.013948618434369564,
            -0.022569440305233
        ]
    },
    "AnatomicalLandmarkCoordinateSystem": "ElektaNeuromag",
    "AnatomicalLandmarkCoordinateUnits": "m"
}
