{
    "MEGCoordinateSystem": "ElektaNeuromag",
    "MEGCoordinateUnits": "m",
    "MEGCoordinateSystemDescription": "RAS orientation and the origin between the ears",
    "HeadCoilCoordinates": {
        "NAS": [
            -3.725290298461914e-09,
            0.09332436323165894,
            3.725290298461914e-09
        ],
        "LPA": [
            -0.06725748628377914,
            -2.9802322387695312e-08,
            9.313225746154785e-10
        ],
        "RPA": [
            0.06330109387636185,
            -2.9802322387695312e-08,
            9.313225746154785e-10
        ],
        "coil1": [
            0.04082351550459862,
            0.08151957392692566,
            0.03443688154220581
        ],
        "coil2": [
            0.056368015706539154,
            -0.03381499648094177,
            0.008686773478984833
        ],
        "coil3": [
            -0.06620340049266815,
            -0.03276033699512482,
            0.005583032034337521
        ],
        "coil4": [
            -0.03802737221121788,
            0.09339314699172974,
            0.03418205678462982
        ]
    },
    "HeadCoilCoordinateSystem": "ElektaNeuromag",
    "HeadCoilCoordinateUnits": "m",
    "AnatomicalLandmarkCoordinates": {
        "NAS": [
            -3.725290298461914e-09,
            0.09332436323165894,
            3.725290298461914e-09
        ],
        "LPA": [
            -0.06725748628377914,
            -2.9802322387695312e-08,
            9.313225746154785e-10
        ],
        "RPA": [
            0.06330109387636185,
            -2.9802322387695312e-08,
            9.313225746154785e-10
        ],
        "coil1": [
            0.04082351550459862,
            0.08151957392692566,
            0.03443688154220581
        ],
        "coil2": [
            0.056368015706539154,
            -0.03381499648094177,
            0.008686773478984833
        ],
        "coil3": [
            -0.06620340049266815,
            -0.03276033699512482,
            0.005583032034337521
        ],
        "coil4": [
            -0.03802737221121788,
            0.09339314699172974,
            0.03418205678462982
        ]
    },
    "AnatomicalLandmarkCoordinateSystem": "ElektaNeuromag",
    "AnatomicalLandmarkCoordinateUnits": "m"
}
