{
    "MEGCoordinateSystem": "ElektaNeuromag",
    "MEGCoordinateUnits": "m",
    "MEGCoordinateSystemDescription": "RAS orientation and the origin between the ears",
    "HeadCoilCoordinates": {
        "NAS": [
            0.0,
            0.08702641725540161,
            -3.725290298461914e-09
        ],
        "LPA": [
            -0.06358882039785385,
            -2.9802322387695312e-08,
            -3.725290298461914e-09
        ],
        "RPA": [
            0.07491627335548401,
            0.0,
            -3.725290298461914e-09
        ],
        "coil1": [
            0.06502740830183029,
            -0.030840247869491577,
            -0.008394517004489899
        ],
        "coil2": [
            0.03198125585913658,
            0.0909203290939331,
            0.06751135736703873
        ],
        "coil3": [
            -0.038431908935308456,
            0.09267428517341614,
            0.044924765825271606
        ],
        "coil4": [
            -0.05698346346616745,
            -0.0343264639377594,
            -0.0008721949998289347
        ]
    },
    "HeadCoilCoordinateSystem": "ElektaNeuromag",
    "HeadCoilCoordinateUnits": "m",
    "AnatomicalLandmarkCoordinates": {
        "NAS": [
            0.0,
            0.08702641725540161,
            -3.725290298461914e-09
        ],
        "LPA": [
            -0.06358882039785385,
            -2.9802322387695312e-08,
            -3.725290298461914e-09
        ],
        "RPA": [
            0.07491627335548401,
            0.0,
            -3.725290298461914e-09
        ],
        "coil1": [
            0.06502740830183029,
            -0.030840247869491577,
            -0.008394517004489899
        ],
        "coil2": [
            0.03198125585913658,
            0.0909203290939331,
            0.06751135736703873
        ],
        "coil3": [
            -0.038431908935308456,
            0.09267428517341614,
            0.044924765825271606
        ],
        "coil4": [
            -0.05698346346616745,
            -0.0343264639377594,
            -0.0008721949998289347
        ]
    },
    "AnatomicalLandmarkCoordinateSystem": "ElektaNeuromag",
    "AnatomicalLandmarkCoordinateUnits": "m"
}
